# File produced by Open Asset Import Library (http://www.assimp.sf.net)
# (assimp v5.3.0)

mtllib jack.mtl

# 543 vertex positions
v 0.769007862 -0.240400046 0.968671381
v 0.640378833 -0.470375985 0.968671381
v 0.66609323 -0.49155575 0.75924468
v 0.585998714 -0.425585568 1.41156173
v 0.809153259 0 0.968671381
v 0.738701999 0 1.41156173
v 0.533290088 -0.382171869 1.84083903
v 0.670416176 0 1.84083903
v 0.477602124 -0.336304247 2.2943809
v 0.598270535 0 2.2943809
v 0.426797926 -0.294459134 2.70814753
v 0.532452047 0 2.70814753
v 0.447122365 -0.674567878 0.75924468
v 0.430842817 -0.645502627 0.968671381
v 0.185177386 -0.730727017 0.968671381
v 0.174142733 -0.66114527 1.41156173
v 0.163447246 -0.593702316 1.84083903
v 0.152147204 -0.522447109 2.2943809
v 0.141838163 -0.457440972 2.70814753
v -0.311361194 -0.634422541 0.968671381
v -0.275114179 -0.574011147 1.41156173
v -0.239981249 -0.515456676 1.84083903
v -0.202862486 -0.45359242 2.2943809
v -0.168998986 -0.397153586 2.70814753
v -0.628200114 -0.246762767 0.968671381
v -0.561782897 -0.22326538 1.41156173
v -0.497407079 -0.200490221 1.84083903
v -0.429392487 -0.176427722 2.2943809
v -0.367342681 -0.154475465 2.70814753
v -0.627731502 0.248083442 0.968671381
v -0.561358869 0.224460289 1.41156173
v -0.497026324 0.201563239 1.84083903
v -0.429057419 0.177371964 2.2943809
v -0.367049307 0.155302227 2.70814753
v -0.28745687 0.648166001 0.968671381
v -0.253486067 0.586445928 1.41156173
v -0.220559418 0.526623011 1.84083903
v -0.185771629 0.463418573 2.2943809
v -0.154034674 0.405757099 2.70814753
v 0.217677608 0.724826396 0.968671381
v 0.203548193 0.655806541 1.41156173
v 0.189853072 0.588908136 1.84083903
v 0.175383851 0.518228352 2.2943809
v 0.162183553 0.453747123 2.70814753
v 0.635872424 0.475794435 0.968671381
v 0.581921399 0.43048808 1.41156173
v 0.529628694 0.386574268 1.84083903
v 0.474380165 0.340178251 2.2943809
v 0.423976868 0.297851145 2.70814753
v 0.661383867 0.497218162 0.75924468
v 0.767910957 0.2435693 0.968671381
v 0.371860057 -0.722494483 0.695207238
v 0.616370142 -0.590758801 0.558136404
v 0.0692946091 -0.774833441 0.74880302
v -0.240232825 -0.719974816 0.692636073
v -0.488111019 -0.582854271 0.549818039
v -0.665396571 -0.254925579 0.730931342
v -0.702414274 -1.28515346e-16 0.768445194
v -0.665732503 0.253790796 0.731271625
v -0.502801597 0.565024674 0.564936101
v -0.184017062 0.734236598 0.736975193
v 0.0692946091 0.770833552 0.773948073
v 0.321478307 0.734568655 0.737310588
v 0.631604493 0.572957635 0.573050439
v 0.803304732 0.250349909 0.744411349
v 0.839148521 -1.27850557e-16 0.780106485
v 0.347360909 0.278191626 3.14709258
v 0.462506056 2.77555756e-17 3.14786148
v 0.0634956285 0.393592149 3.14519978
v -0.211354762 0.276429772 3.14337111
v -0.32475096 -1.89330972e-17 3.14261794
v -0.211354762 -0.276429772 3.14337111
v 0.0692946091 -0.393628716 3.1452384
v 0.347360909 -0.278191626 3.14709258
v 0.803629756 -0.249235332 0.744734943
v 0.709086657 -0.464244992 0.650446594
v 0.0634956285 0.898818135 3.95325875
v 0.591659606 0.727266669 3.95325875
v 0.490852475 0.727266669 3.6428988
v 0.749119461 0.299780041 3.45533705
v 0.910847962 0.299780041 3.95325875
v 0.759287894 -0.261558115 3.44795251
v 0.923415005 -0.261558115 3.95325875
v 0.496417671 -0.722221673 3.63885713
v 0.598537564 -0.722221673 3.95325875
v 0.0634956285 -0.898818135 3.95325875
v 0.239652529 0.727266669 3.45533705
v 0.241946518 -0.722221673 3.44885302
v -0.0902013034 0.727266669 3.44795251
v -0.092202805 -0.722221673 3.44137216
v -0.360896647 0.727266669 3.63885713
v -0.366423249 -0.722221673 3.63476276
v -0.464668363 0.727266669 3.95325875
v -0.78385669 0.299780041 3.95325875
v -0.617372036 0.299780041 3.44885302
v -0.796423793 -0.261558115 3.95325875
v -0.627470016 -0.261558115 3.44137216
v -0.471546322 -0.722221673 3.95325875
v -0.363861203 0.727266669 4.26361895
v -0.622128189 0.299780041 4.45118046
v -0.632296681 -0.261558115 4.45856524
v -0.369426429 -0.722221673 4.26766014
v -0.112661287 0.727266669 4.45118046
v -0.219119191 0.299780041 4.75209236
v -0.223310649 -0.261558115 4.76393986
v -0.114955269 -0.722221673 4.45766449
v 0.217192546 0.727266669 4.45856524
v 0.310077071 0.299780041 4.76393986
v 0.313734144 -0.261558115 4.77596283
v 0.219194055 -0.722221673 4.46514511
v 0.487887919 0.727266669 4.26766014
v 0.744363308 0.299780041 4.45766449
v 0.754461229 -0.261558115 4.46514511
v 0.493414521 -0.722221673 4.27175474
v -0.898635149 -0.465999067 0.570028126
v -0.898635149 0 0.737232029
v -1.33272958 -0.42209819 0.516727984
v -1.33272958 0 0.668179989
v -1.75348127 -0.379546702 0.465066165
v -1.75348127 0 0.60125035
v -2.19801569 -0.334590018 0.410484195
v -2.19801569 0 0.530537546
v -2.60356474 -0.293575972 0.360688984
v -2.60356474 0 0.466026217
v -0.898635149 -0.723927438 0.119062401
v -1.33272958 -0.655727625 0.1082469
v -1.75348127 -0.589624107 0.0977638289
v -2.19801569 -0.519784093 0.0866882056
v -2.60356474 -0.456068963 0.076583907
v -0.898635149 -0.628519118 -0.372855812
v -1.33272958 -0.569307506 -0.337328643
v -1.75348127 -0.511915922 -0.30289349
v -2.19801569 -0.451280326 -0.266511887
v -2.60356474 -0.395962387 -0.233320937
v -0.898635149 -0.244466588 -0.686746478
v -1.33272958 -0.221435875 -0.621648312
v -1.75348127 -0.199113041 -0.558551013
v -2.19801569 -0.175528422 -0.491887212
v -2.60356474 -0.154012159 -0.431069762
v -0.898635149 0.245774984 -0.686282218
v -1.33272958 0.222620994 -0.621227741
v -1.75348127 0.200178683 -0.558172882
v -2.19801569 0.176467851 -0.491553873
v -2.60356474 0.154836431 -0.430777252
v -0.898635149 0.642134666 -0.349173903
v -1.33272958 0.581640422 -0.315877765
v -1.75348127 0.523005545 -0.283605069
v -2.19801569 0.461056411 -0.249508157
v -2.60356474 0.404540122 -0.218401521
v -0.898635149 0.718081713 0.151260197
v -1.33272958 0.650432646 0.137411401
v -1.75348127 0.584862888 0.123988271
v -2.19801569 0.515586793 0.109806411
v -2.60356474 0.4523862 0.096868284
v -0.898635149 0.471367091 0.565563619
v -1.33272958 0.426960498 0.512684107
v -1.75348127 0.383918852 0.461429954
v -2.19801569 0.338444293 0.407278657
v -2.60356474 0.296957791 0.35787639
v -0.632293105 -0.713688493 0.307084054
v -0.693045676 -0.765677512 0.00425793882
v -0.638728082 -0.702662408 -0.321190983
v -0.501850188 -0.554629147 -0.566835642
v -0.662364423 -0.24173902 -0.727401078
v -0.695924938 -1.27434651e-16 -0.760961592
v -0.662057638 0.242820323 -0.727094293
v -0.492398769 0.56632036 -0.557381272
v -0.659076929 0.729353964 -0.245952681
v -0.696665823 0.765101671 0.00425793882
v -0.660574138 0.72700882 0.260518044
v -3.033777 0.278191626 0.282324255
v -3.0345459 2.77555756e-17 0.397469401
v -3.03188419 0.393592149 -0.00154104724
v -3.03005552 0.276429772 -0.276391447
v -3.02930212 -1.89330972e-17 -0.389787614
v -3.03005552 -0.276429772 -0.276391447
v -3.03192282 -0.393628716 0.00425793882
v -3.033777 -0.278191626 0.282324255
v -3.83994317 0.898818135 -0.00154104724
v -3.83994317 0.727266669 0.526622951
v -3.52958298 0.727266669 0.425815791
v -3.34202147 0.299780041 0.684082747
v -3.83994317 0.299780041 0.845811248
v -3.33463669 -0.261558115 0.694251239
v -3.83994317 -0.261558115 0.858378351
v -3.52554154 -0.722221673 0.431380987
v -3.83994317 -0.722221673 0.53350091
v -3.83994317 -0.898818135 -0.00154104724
v -3.34202147 0.727266669 0.17461586
v -3.33553743 -0.722221673 0.176909849
v -3.33463669 0.727266669 -0.155237973
v -3.32805657 -0.722221673 -0.157239467
v -3.52554154 0.727266669 -0.425933331
v -3.52144718 -0.722221673 -0.431459934
v -3.83994317 0.727266669 -0.529705048
v -3.83994317 0.299780041 -0.848893344
v -3.33553743 0.299780041 -0.68240869
v -3.83994317 -0.261558115 -0.861460447
v -3.32805657 -0.261558115 -0.692506671
v -3.83994317 -0.722221673 -0.536583006
v -4.15030289 0.727266669 -0.428897887
v -4.33786488 0.299780041 -0.687164843
v -4.34524918 -0.261558115 -0.697333336
v -4.15434456 -0.722221673 -0.434463084
v -4.33786488 0.727266669 -0.177697957
v -4.6387763 0.299780041 -0.284155846
v -4.6506238 -0.261558115 -0.288347304
v -4.34434891 -0.722221673 -0.179991946
v -4.34524918 0.727266669 0.152155876
v -4.6506238 0.299780041 0.245040417
v -4.66264725 -0.261558115 0.24869746
v -4.35182953 -0.722221673 0.154157385
v -4.15434456 0.727266669 0.422851235
v -4.34434891 0.299780041 0.679326653
v -4.35182953 -0.261558115 0.689424574
v -4.15843916 -0.722221673 0.428377837
v 0.733223736 0 -1.39772177
v 0.802277565 0 -0.963616014
v 0.581770122 -0.42210269 -1.39772177
v 0.635071635 -0.466004699 -0.963616014
v 0.66629231 0 -1.81848443
v 0.530106962 -0.37955007 -1.81848443
v 0.595577717 0 -2.26303053
v 0.475523531 -0.334592223 -2.26303053
v 0.531064689 0 -2.66859031
v 0.42572704 -0.293577105 -2.66859031
v 0.660275996 -0.486764371 -0.758343279
v 0.427482903 -0.639503896 -0.963616014
v 0.443439513 -0.667992592 -0.758343279
v 0.184100464 -0.7239362 -0.963616014
v 0.17328468 -0.655734658 -1.39772177
v 0.162801325 -0.589629352 -1.81848443
v 0.151725426 -0.51978749 -2.26303053
v 0.14162086 -0.456070721 -2.66859031
v -0.272295624 -0.569313586 -1.39772177
v -0.307823688 -0.628526688 -0.963616014
v -0.237859547 -0.511920512 -1.81848443
v -0.201477021 -0.451283306 -2.26303053
v -0.168285191 -0.395963937 -2.66859031
v -0.556618273 -0.221438229 -1.39772177
v -0.621718168 -0.244469553 -0.963616014
v -0.493519366 -0.199114814 -1.81848443
v -0.426853836 -0.175529584 -2.26303053
v -0.366034776 -0.154012755 -2.66859031
v -0.556197762 0.222623363 -1.39772177
v -0.621253908 0.24577795 -0.963616014
v -0.493141204 0.200180471 -1.81848443
v -0.426520467 0.176469013 -2.26303053
v -0.365742266 0.154837027 -2.66859031
v -0.250844508 0.581646621 -1.39772177
v -0.284141511 0.642142475 -0.963616014
v -0.218570963 0.523010254 -1.81848443
v -0.184473157 0.461059451 -2.26303053
v -0.153365701 0.404541701 -2.66859031
v 0.202449501 0.65043956 -1.39772177
v 0.216298655 0.718090415 -0.963616014
v 0.189026013 0.584868073 -1.81848443
v 0.174843773 0.515590191 -2.26303053
v 0.161905318 0.452387959 -2.66859031
v 0.577726185 0.426965058 -1.39772177
v 0.630607128 0.471372783 -0.963616014
v 0.526470721 0.383922279 -1.81848443
v 0.472317994 0.338446528 -2.26303053
v 0.422914445 0.296958953 -2.66859031
v 0.517255425 -0.641342521 -0.653602242
v 0.645614088 -0.550213993 -0.562473714
v 0.308896452 -0.729892612 -0.742152274
v 0.0692946091 -0.762952626 -0.775212348
v -0.171378642 -0.729590535 -0.741850257
v -0.173778832 0.731944501 -0.723058999
v 0.0692946091 0.765854597 -0.756969154
v 0.313455582 0.731634378 -0.722748876
v 0.636278629 0.561955988 -0.553070545
v 0.801012516 0.24575302 -0.719072104
v 0.835627317 0 -0.753963828
v 0.347360909 0.278191626 -3.09881353
v 0.462506056 2.77555756e-17 -3.09958243
v 0.0634956285 0.393592149 -3.09692073
v -0.211354762 0.276429772 -3.0950923
v -0.32475096 -1.89330972e-17 -3.09433889
v -0.211354762 -0.276429772 -3.0950923
v 0.0692946091 -0.393628716 -3.09695935
v 0.347360909 -0.278191626 -3.09881353
v 0.800695479 -0.246853948 -0.718752503
v 0.591659606 0.727266669 -3.90497971
v 0.0634956285 0.898818135 -3.90497971
v 0.490852475 0.727266669 -3.59461975
v 0.910847962 0.299780041 -3.90497971
v 0.749119461 0.299780041 -3.40705824
v 0.923415005 -0.261558115 -3.90497971
v 0.759287894 -0.261558115 -3.39967346
v 0.598537564 -0.722221673 -3.90497971
v 0.496417671 -0.722221673 -3.59057808
v 0.0634956285 -0.898818135 -3.90497971
v 0.239652529 0.727266669 -3.40705824
v 0.241946518 -0.722221673 -3.40057397
v -0.0902013034 0.727266669 -3.39967346
v -0.092202805 -0.722221673 -3.39309311
v -0.360896647 0.727266669 -3.59057808
v -0.366423249 -0.722221673 -3.58648396
v -0.464668363 0.727266669 -3.90497971
v -0.617372036 0.299780041 -3.40057397
v -0.78385669 0.299780041 -3.90497971
v -0.627470016 -0.261558115 -3.39309311
v -0.796423793 -0.261558115 -3.90497971
v -0.471546322 -0.722221673 -3.90497971
v -0.363861203 0.727266669 -4.21533966
v -0.622128189 0.299780041 -4.40290117
v -0.632296681 -0.261558115 -4.41028595
v -0.369426429 -0.722221673 -4.21938133
v -0.112661287 0.727266669 -4.40290117
v -0.219119191 0.299780041 -4.70381308
v -0.223310649 -0.261558115 -4.71566057
v -0.114955269 -0.722221673 -4.40938568
v 0.217192546 0.727266669 -4.41028595
v 0.310077071 0.299780041 -4.71566057
v 0.313734144 -0.261558115 -4.72768402
v 0.219194055 -0.722221673 -4.4168663
v 0.487887919 0.727266669 -4.21938133
v 0.744363308 0.299780041 -4.40938568
v 0.754461229 -0.261558115 -4.4168663
v 0.493414521 -0.722221673 -4.22347546
v 1.02265644 -0.468451232 -0.55786252
v 1.02131724 0 -0.725940943
v 1.46209443 -0.424052 -0.507457197
v 1.46088207 0 -0.659605324
v 1.8880254 -0.381017447 -0.458601147
v 1.88693607 0 -0.595308661
v 2.33803177 -0.335550398 -0.406983554
v 2.33707237 0 -0.527377665
v 2.74857306 -0.29407078 -0.359892756
v 2.7477324 0 -0.465404183
v 1.02626872 -0.72773689 -0.104538128
v 1.46536422 -0.658762872 -0.0970983207
v 1.89096332 -0.591908932 -0.0898871869
v 2.34061909 -0.521276057 -0.0822684541
v 2.75084066 -0.456837624 -0.0753178671
v 1.03020895 -0.63182646 0.389952958
v 1.46893096 -0.571942747 0.350525498
v 1.89416814 -0.513899624 0.312309921
v 2.34344149 -0.452575684 0.271934211
v 2.75331426 -0.396629751 0.235099435
v 0.824358702 -0.48537147 0.610071838
v 1.03174543 -0.464551479 0.582785785
v 1.03272319 -0.24575302 0.705485344
v 1.4712069 -0.222460851 0.636152148
v 1.89621317 -0.199884608 0.568949997
v 2.3452425 -0.17603226 0.497949272
v 2.75489235 -0.154271722 0.433175266
v 1.03271949 0.247068301 0.70501864
v 1.47120357 0.223651469 0.635729671
v 1.89621007 0.200954393 0.568570375
v 2.34523988 0.176974371 0.49761498
v 2.7548902 0.155097395 0.432882279
v 1.03001928 0.645513713 0.36614719
v 1.4687593 0.584332705 0.328976005
v 1.89401388 0.525032222 0.292947352
v 2.34330559 0.462379813 0.254882216
v 2.75319505 0.405221939 0.220155343
v 1.02601075 0.721860409 -0.136904329
v 1.46513081 0.653443336 -0.126396894
v 1.89075363 0.587129235 -0.11621242
v 2.34043431 0.517066717 -0.105452277
v 2.75067878 0.453148663 -0.0956357867
v 1.0226922 0.473847508 -0.553374708
v 1.46212673 0.428936809 -0.503394723
v 1.88805449 0.385406554 -0.454950929
v 2.33805728 0.339415729 -0.403768927
v 2.74859548 0.297458291 -0.357075512
v 0.778428912 -0.701596498 -0.318922997
v 0.831519246 -0.767529368 -0.0122597003
v 0.766345322 -0.717383623 0.315568715
v 0.77668643 0.711935639 0.324185133
v 0.834902287 0.767406881 0.00888549164
v 0.79242605 0.722921848 -0.263332874
v 3.18429303 0.278191626 -0.284396708
v 3.1841445 2.77555756e-17 -0.399544299
v 3.18466234 0.393592149 -0.000525333744
v 3.18502378 0.276429772 0.274330884
v 3.18517399 -1.89330972e-17 0.387729496
v 3.18502378 -0.276429772 0.274330884
v 3.18465471 -0.393628716 -0.0063244435
v 3.18429303 -0.278191626 -0.284396708
v 3.99269557 0.898818135 -0.00696394825
v 3.98848724 0.727266669 -0.535111189
v 3.6789403 0.727266669 -0.43183428
v 3.48932672 0.299780041 -0.688598573
v 3.98594379 0.299780041 -0.854289353
v 3.48186135 -0.261558115 -0.698707879
v 3.98584366 -0.261558115 -0.866856039
v 3.67485452 -0.722221673 -0.437367111
v 3.98843241 -0.722221673 -0.541988909
v 3.99269557 -0.898818135 -0.00696394825
v 3.49338603 0.727266669 -0.179147825
v 3.48688388 -0.722221673 -0.181390077
v 3.48863006 0.727266669 0.150754377
v 3.48206592 -0.722221673 0.152808249
v 3.68168545 0.727266669 0.419920027
v 3.67763543 -0.722221673 0.425479054
v 3.9969039 0.727266669 0.521183252
v 3.99944735 0.299780041 0.840361476
v 3.49373102 0.299780041 0.677901208
v 3.99954748 -0.261558115 0.852928162
v 3.48633075 -0.261558115 0.688058436
v 3.99695873 -0.722221673 0.528061032
v 4.30645084 0.727266669 0.417906374
v 4.49606466 0.299780041 0.674670637
v 4.50353003 -0.261558115 0.684780002
v 4.31053686 -0.722221673 0.423439205
v 4.49200487 0.727266669 0.165219933
v 4.79375553 0.299780041 0.269276798
v 4.80563593 -0.261558115 0.273373723
v 4.49850702 -0.722221673 0.16746217
v 4.49676132 0.727266669 -0.164682269
v 4.80138588 0.299780041 -0.25999707
v 4.81337976 -0.261558115 -0.263749808
v 4.50332546 -0.722221673 -0.166736141
v 4.30370569 0.727266669 -0.433847904
v 4.49166012 0.299780041 -0.691829085
v 4.49906015 -0.261558115 -0.701986372
v 4.30775595 -0.722221673 -0.439406961
v 0.619153559 1.102144 0.461779177
v 0.781655133 1.102144 0.00888549164
v 0.54902041 1.6733321 0.404013753
v 0.690795362 1.6733321 0.00888549164
v 0.481042981 2.22696376 0.348023832
v 0.602728367 2.22696376 0.00888549164
v 0.409223169 2.81188893 0.288869113
v 0.509683371 2.81188893 0.00888549164
v 0.343701869 3.34551668 0.234902233
v 0.424798369 3.34551668 0.00888549164
v 0.187599838 0.832050025 0.754887819
v 0.438400716 0.832050025 0.667881906
v 0.180870414 1.102144 0.712453842
v 0.417405277 1.102144 0.630396962
v 0.652316928 0.832050025 0.489094347
v 0.166639209 1.6733321 0.622715473
v 0.152845412 2.22696376 0.535735369
v 0.138271943 2.81188893 0.443838805
v 0.124976546 3.34551668 0.360001475
v -0.319318533 0.832050025 0.656570137
v -0.064490214 0.832050025 0.752267778
v -0.297213495 1.102144 0.619728625
v -0.0568802841 1.102144 0.709982812
v -0.250466317 1.6733321 0.541817129
v -0.205155998 2.22696376 0.466300398
v -0.157284543 2.81188893 0.386515141
v -0.11361137 3.34551668 0.313726962
v -0.602276564 1.102144 0.246476918
v -0.516619384 1.6733321 0.216172725
v -0.433595002 2.22696376 0.186800003
v -0.345877737 2.81188893 0.155767009
v -0.265853196 3.34551668 0.127455562
v -0.643065691 1.102144 0.00828015152
v -0.601825356 1.102144 -0.229977518
v -0.642302275 0.832050025 -0.244383946
v -0.642780721 0.832050025 0.26080665
v -0.516225696 1.6733321 -0.199511155
v -0.433257133 2.22696376 -0.169981211
v -0.345598787 2.81188893 -0.138782129
v -0.26562801 3.34551668 -0.110319167
v -0.274197608 1.102144 -0.615190327
v -0.230386049 1.6733321 -0.535591066
v -0.187921122 2.22696376 -0.458438396
v -0.143055886 2.81188893 -0.376924753
v -0.102125287 3.34551668 -0.302559733
v -0.0351540484 0.832050025 -0.739182711
v -0.294914484 0.832050025 -0.652829945
v -0.0292128157 1.102144 -0.696631193
v 0.193940237 1.6733321 -0.599987805
v 0.212162703 1.102144 -0.689001501
v 0.176277876 2.22696376 -0.513710082
v 0.157617167 2.81188893 -0.422555566
v 0.140592977 3.34551668 -0.339395225
v 0.647716343 0.832050025 -0.476855069
v 0.451107621 0.832050025 -0.642831028
v 0.614814639 1.102144 -0.449225247
v 0.429389387 1.102144 -0.605760157
v 0.220779449 0.832050025 -0.731092811
v 0.545234919 1.6733321 -0.390794396
v 0.477793902 2.22696376 -0.334159523
v 0.406540811 2.81188893 -0.274323374
v 0.341536552 3.34551668 -0.219734818
v 0.0692946091 3.91260815 -0.256410122
v 0.334590226 3.91260815 0.00888549164
v -0.196001008 3.91260815 0.00888549164
v 0.0692946091 3.91260815 0.274181098
v 0.618185103 -1.08888602 -0.464355737
v 0.780400515 -1.08888602 -0.0122597003
v 0.548248827 -1.65847111 -0.406752408
v 0.689795732 -1.65847111 -0.0122597003
v 0.480462164 -2.21054912 -0.350919634
v 0.601975858 -2.21054912 -0.0122597003
v 0.408843905 -2.79383278 -0.291930944
v 0.50919199 -2.79383278 -0.0122597003
v 0.343506485 -3.32596302 -0.238115489
v 0.424545199 -3.32596302 -0.0122597003
v 0.187384441 -0.819549978 -0.756903768
v 0.437728703 -0.819549978 -0.670056283
v 0.180673897 -1.08888602 -0.714588881
v 0.416792184 -1.08888602 -0.632676542
v 0.651255429 -0.819549978 -0.491594255
v 0.166482627 -1.65847111 -0.625102341
v 0.152727544 -2.21054912 -0.538366377
v 0.138194978 -2.79383278 -0.446727723
v 0.124936894 -3.32596302 -0.363125652
v -0.318610996 -0.819549978 -0.658765137
v -0.0642466322 -0.819549978 -0.754288495
v -0.296568006 -1.08888602 -0.62202704
v -0.0566580594 -1.08888602 -0.712122202
v -0.249952003 -1.65847111 -0.544334173
v -0.204768836 -2.21054912 -0.469029367
v -0.15703173 -2.79383278 -0.389467984
v -0.113481119 -3.32596302 -0.316884071
v -0.601093769 -1.08888602 -0.249432668
v -0.515676975 -1.65847111 -0.21921353
v -0.432885587 -2.21054912 -0.189923227
v -0.345414519 -2.79383278 -0.15897733
v -0.265614539 -3.32596302 -0.130745336
v -0.600643337 -1.08888602 0.22618261
v -0.515283942 -1.65847111 0.19580175
v -0.432548195 -2.21054912 0.166354686
v -0.345135868 -2.79383278 0.135243163
v -0.265389502 -3.32596302 0.106860071
v -0.273592651 -1.08888602 0.610716999
v -0.229904026 -1.65847111 0.531341076
v -0.187558264 -2.21054912 0.45440495
v -0.142818943 -2.79383278 0.37312004
v -0.102003217 -3.32596302 0.298963755
v 0.211911082 -1.08888602 0.684398174
v 0.193739757 -1.65847111 0.595634222
v 0.176126957 -2.21054912 0.509598672
v 0.157518625 -2.79383278 0.41869998
v 0.140542209 -3.32596302 0.335772991
v 0.613853812 -1.08888602 0.445044219
v 0.544469416 -1.65847111 0.386777341
v 0.477217644 -2.21054912 0.330301374
v 0.406164527 -2.79383278 0.270633191
v 0.341342658 -3.32596302 0.216197804
v 0.0692946091 -3.89146304 0.253035903
v 0.334590226 -3.89146304 -0.0122597003
v -0.196001008 -3.89146304 -0.0122597003
v 0.0692946091 -3.89146304 -0.277555317

# 507 UV coordinates
vt 0.0552215949 0.235466242 0
vt 0.11044319 0.235466242 0
vt 0.11044319 0.18179673 0
vt 0.11044319 0.348965049 0
vt 0 0.235466242 0
vt 0 0.348965049 0
vt 0.11044319 0.458975375 0
vt 0 0.458975375 0
vt 0.11044319 0.575203896 0
vt 0 0.575203896 0
vt 0.11044319 0.681239307 0
vt 0 0.681239307 0
vt 0.16673182 0.18179673 0
vt 0.16673182 0.235466242 0
vt 0.223020464 0.235466242 0
vt 0.223020464 0.348965049 0
vt 0.223020464 0.458975375 0
vt 0.223020464 0.575203896 0
vt 0.223020464 0.681239307 0
vt 0.337850004 0.235466242 0
vt 0.337850004 0.348965049 0
vt 0.337850004 0.458975375 0
vt 0.337850004 0.575203896 0
vt 0.337850004 0.681239307 0
vt 0.443332195 0.235466242 0
vt 0.443332195 0.348965049 0
vt 0.443332195 0.458975375 0
vt 0.443332195 0.575203896 0
vt 0.443332195 0.681239307 0
vt 0.556968212 0.235466242 0
vt 0.556968212 0.348965049 0
vt 0.556968212 0.458975375 0
vt 0.556968212 0.575203896 0
vt 0.556968212 0.681239307 0
vt 0.667872727 0.235466242 0
vt 0.667872727 0.348965049 0
vt 0.667872727 0.458975375 0
vt 0.667872727 0.575203896 0
vt 0.667872727 0.681239307 0
vt 0.784375012 0.235466242 0
vt 0.784375012 0.348965049 0
vt 0.784375012 0.458975375 0
vt 0.784375012 0.575203896 0
vt 0.784375012 0.681239307 0
vt 0.888116479 0.235466242 0
vt 0.888116479 0.348965049 0
vt 0.888116479 0.458975375 0
vt 0.888116479 0.575203896 0
vt 0.888116479 0.681239307 0
vt 0.888116479 0.18179673 0
vt 0.944058239 0.235466242 0
vt 1 0.348965049 0
vt 1 0.235466242 0
vt 1 0.458975375 0
vt 1 0.575203896 0
vt 1 0.681239307 0
vt 0.184429199 0.165366828 0
vt 0.13079071 0.130259037 0
vt 0.25 0.179120898 0
vt 0.317046434 0.164705276 0
vt 0.371632844 0.128127277 0
vt 0.444295555 0.17453742 0
vt 0.5 0.18415457 0
vt 0.555462956 0.174624741 0
vt 0.624061644 0.132001579 0
vt 0.694576383 0.176087379 0
vt 0.75 0.185564756 0
vt 0.805183291 0.176173449 0
vt 0.873584807 0.134081006 0
vt 0.945134044 0.177995205 0
vt 1 0.187142968 0
vt 0.874966025 0.793726742 0
vt 1 0.793924153 0
vt 0.747403502 0.793242037 0
vt 0.623857081 0.792778492 0
vt 0.5 0.792580366 0
vt 0.376142919 0.792778492 0
vt 0.25 0.793251932 0
vt 0.12503399 0.793726742 0
vt 0 0.793924153 0
vt 0.0546280742 0.178078175 0
vt 0 0.187142968 0
vt 0.101157807 0.153915226 0
vt 0 0 0
vt 0 0.20243752 0
vt 0.101218753 0.20243752 0
vt 0.101218753 0.386664391 0
vt 0 0.386664391 0
vt 0.101218753 0.59905827 0
vt 0 0.59905827 0
vt 0.101218753 0.794681847 0
vt 0 0.794681847 0
vt 0.101218753 1 0
vt 0.101218753 0 0
vt 0.193332195 0.20243752 0
vt 0.193332195 0.794681847 0
vt 0.193332195 1 0
vt 0.193332195 0 0
vt 0.299529135 0.20243752 0
vt 0.299529135 0.794681847 0
vt 0.299529135 1 0
vt 0.299529135 0 0
vt 0.397340924 0.20243752 0
vt 0.397340924 0.794681847 0
vt 0.397340924 1 0
vt 0.397340924 0 0
vt 0.5 0.20243752 0
vt 0.5 0.386664391 0
vt 0.397340924 0.386664391 0
vt 0.5 0.59905827 0
vt 0.397340924 0.59905827 0
vt 0.5 0.794681847 0
vt 0.5 1 0
vt 0.5 0 0
vt 0.60121876 0.20243752 0
vt 0.60121876 0.386664391 0
vt 0.60121876 0.59905827 0
vt 0.60121876 0.794681847 0
vt 0.60121876 1 0
vt 0.60121876 0 0
vt 0.693332195 0.20243752 0
vt 0.693332195 0.386664391 0
vt 0.693332195 0.59905827 0
vt 0.693332195 0.794681847 0
vt 0.693332195 1 0
vt 0.693332195 0 0
vt 0.799529135 0.20243752 0
vt 0.799529135 0.386664391 0
vt 0.799529135 0.59905827 0
vt 0.799529135 0.794681847 0
vt 0.799529135 1 0
vt 0.799529135 0 0
vt 0.897340953 0.20243752 0
vt 0.897340953 0.386664391 0
vt 0.897340953 0.59905827 0
vt 0.897340953 0.794681847 0
vt 0.897340953 1 0
vt 0.897340953 0 0
vt 1 0.20243752 0
vt 1 0.386664391 0
vt 1 0.59905827 0
vt 1 0.794681847 0
vt 1 1 0
vt 0.193548903 0.605299175 0
vt 0.174540162 0.5 0
vt 0.248733208 0.648851097 0
vt 0.304641664 0.604640782 0
vt 0.323393375 0.5 0
vt 0.304641664 0.395359218 0
vt 0.25 0.35116291 0
vt 0.193548903 0.394700825 0
vt 0.11044319 0.246557355 0
vt 0 0.246557355 0
vt 0.11044319 0.357802153 0
vt 0 0.357802153 0
vt 0.11044319 0.465627551 0
vt 0 0.465627551 0
vt 0.11044319 0.579547763 0
vt 0 0.579547763 0
vt 0.11044319 0.683477223 0
vt 0 0.683477223 0
vt 0.223020464 0.246557355 0
vt 0.223020464 0.357802153 0
vt 0.223020464 0.465627551 0
vt 0.223020464 0.579547763 0
vt 0.223020464 0.683477223 0
vt 0.337850004 0.246557355 0
vt 0.337850004 0.357802153 0
vt 0.337850004 0.465627551 0
vt 0.337850004 0.579547763 0
vt 0.337850004 0.683477223 0
vt 0.443332195 0.246557355 0
vt 0.443332195 0.357802153 0
vt 0.443332195 0.465627551 0
vt 0.443332195 0.579547763 0
vt 0.443332195 0.683477223 0
vt 0.556968212 0.246557355 0
vt 0.556968212 0.357802153 0
vt 0.556968212 0.465627551 0
vt 0.556968212 0.579547763 0
vt 0.556968212 0.683477223 0
vt 0.667872727 0.246557355 0
vt 0.667872727 0.357802153 0
vt 0.667872727 0.465627551 0
vt 0.667872727 0.579547763 0
vt 0.667872727 0.683477223 0
vt 0.784375012 0.246557355 0
vt 0.784375012 0.357802153 0
vt 0.784375012 0.465627551 0
vt 0.784375012 0.579547763 0
vt 0.784375012 0.683477223 0
vt 0.888116479 0.246557355 0
vt 0.888116479 0.357802153 0
vt 0.888116479 0.465627551 0
vt 0.888116479 0.579547763 0
vt 0.888116479 0.683477223 0
vt 1 0.246557355 0
vt 1 0.357802153 0
vt 1 0.465627551 0
vt 1 0.579547763 0
vt 1 0.683477223 0
vt 0.0562507994 0.186790884 0
vt 0 0.196272135 0
vt 0.129985511 0.14135021 0
vt 0.943993211 0.186876893 0
vt 0.874417424 0.145115376 0
vt 1 0.196272135 0
vt 0.183693022 0.178284645 0
vt 0.25 0.19387126 0
vt 0.321397603 0.179969549 0
vt 0.377206713 0.144873857 0
vt 0.446660578 0.186009705 0
vt 0.5 0.194609106 0
vt 0.553571641 0.185931087 0
vt 0.625626206 0.142451763 0
vt 0.69485122 0.185166001 0
vt 0.75 0.194798946 0
vt 0.806486011 0.185552657 0
vt 0 0.357790709 0
vt 0 0.24654305 0
vt 0.11044319 0.357790709 0
vt 0.11044319 0.24654305 0
vt 0 0.465618968 0
vt 0.11044319 0.465618968 0
vt 0 0.57954216 0
vt 0.11044319 0.57954216 0
vt 0 0.683474362 0
vt 0.11044319 0.683474362 0
vt 0.11044319 0.193938136 0
vt 0.16673182 0.24654305 0
vt 0.16673182 0.193938136 0
vt 0.223020464 0.24654305 0
vt 0.223020464 0.357790709 0
vt 0.223020464 0.465618968 0
vt 0.223020464 0.57954216 0
vt 0.223020464 0.683474362 0
vt 0.337850004 0.357790709 0
vt 0.337850004 0.24654305 0
vt 0.337850004 0.465618968 0
vt 0.337850004 0.57954216 0
vt 0.337850004 0.683474362 0
vt 0.443332195 0.357790709 0
vt 0.443332195 0.24654305 0
vt 0.443332195 0.465618968 0
vt 0.443332195 0.57954216 0
vt 0.443332195 0.683474362 0
vt 0.556968212 0.357790709 0
vt 0.556968212 0.24654305 0
vt 0.556968212 0.465618968 0
vt 0.556968212 0.57954216 0
vt 0.556968212 0.683474362 0
vt 0.667872727 0.357790709 0
vt 0.667872727 0.24654305 0
vt 0.667872727 0.465618968 0
vt 0.667872727 0.57954216 0
vt 0.667872727 0.683474362 0
vt 0.784375012 0.357790709 0
vt 0.784375012 0.24654305 0
vt 0.784375012 0.465618968 0
vt 0.784375012 0.57954216 0
vt 0.784375012 0.683474362 0
vt 0.888116479 0.357790709 0
vt 0.888116479 0.24654305 0
vt 0.888116479 0.465618968 0
vt 0.888116479 0.57954216 0
vt 0.888116479 0.683474362 0
vt 1 0.357790709 0
vt 1 0.24654305 0
vt 1 0.465618968 0
vt 1 0.57954216 0
vt 1 0.683474362 0
vt 0.377213478 0.144859612 0
vt 0.625618935 0.142436743 0
vt 0.151579097 0.167096257 0
vt 0.121503897 0.143742919 0
vt 0.196966693 0.18979007 0
vt 0.25 0.198261142 0
vt 0.303264111 0.189712644 0
vt 0.696417272 0.184896946 0
vt 0.75 0.193585992 0
vt 0.80381608 0.184817433 0
vt 0.875672042 0.141333163 0
vt 0.94587785 0.183875084 0
vt 1 0.192815781 0
vt 0.0543581732 0.183793187 0
vt 0 0.192815781 0
vt 0.11044319 0.240343571 0
vt 0 0.240343571 0
vt 0.11044319 0.352851152 0
vt 0 0.352851152 0
vt 0.11044319 0.461900651 0
vt 0 0.461900651 0
vt 0.11044319 0.577114105 0
vt 0 0.577114105 0
vt 0.11044319 0.682223439 0
vt 0 0.682223439 0
vt 0.223020464 0.240343571 0
vt 0.223020464 0.352851152 0
vt 0.223020464 0.461900651 0
vt 0.223020464 0.577114105 0
vt 0.223020464 0.682223439 0
vt 0.337850004 0.240343571 0
vt 0.337850004 0.352851152 0
vt 0.337850004 0.461900651 0
vt 0.337850004 0.577114105 0
vt 0.337850004 0.682223439 0
vt 0.390591085 0.187142789 0
vt 0.390591085 0.240343571 0
vt 0.443332195 0.240343571 0
vt 0.443332195 0.352851152 0
vt 0.443332195 0.461900651 0
vt 0.443332195 0.577114105 0
vt 0.443332195 0.682223439 0
vt 0.556968212 0.240343571 0
vt 0.556968212 0.352851152 0
vt 0.556968212 0.461900651 0
vt 0.556968212 0.577114105 0
vt 0.556968212 0.682223439 0
vt 0.667872727 0.240343571 0
vt 0.667872727 0.352851152 0
vt 0.667872727 0.461900651 0
vt 0.667872727 0.577114105 0
vt 0.667872727 0.682223439 0
vt 0.784375012 0.240343571 0
vt 0.784375012 0.352851152 0
vt 0.784375012 0.461900651 0
vt 0.784375012 0.577114105 0
vt 0.784375012 0.682223439 0
vt 0.888116479 0.240343571 0
vt 0.888116479 0.352851152 0
vt 0.888116479 0.461900651 0
vt 0.888116479 0.577114105 0
vt 0.888116479 0.682223439 0
vt 1 0.240343571 0
vt 1 0.352851152 0
vt 1 0.461900651 0
vt 1 0.577114105 0
vt 1 0.682223439 0
vt 0.555017948 0.181475282 0
vt 0.5 0.190585673 0
vt 0.626858592 0.137822449 0
vt 0.398529172 0.157520711 0
vt 0.368782222 0.133942068 0
vt 0.445220649 0.181557894 0
vt 0.875678718 0.141319335 0
vt 0.121498242 0.143730938 0
vt 0.177355334 0.177304745 0
vt 0.244353682 0.190248549 0
vt 0.31596905 0.172850132 0
vt 0.681979954 0.175496042 0
vt 0.750808537 0.191072345 0
vt 0.810583115 0.180747271 0
vt 0.11044319 0.279766321 0
vt 0 0.279766321 0
vt 0.11044319 0.426143885 0
vt 0 0.426143885 0
vt 0.11044319 0.568022311 0
vt 0 0.568022311 0
vt 0.11044319 0.717920244 0
vt 0 0.717920244 0
vt 0.11044319 0.854672253 0
vt 0 0.854672253 0
vt 0.223020464 0.210549772 0
vt 0.16673182 0.210549772 0
vt 0.223020464 0.279766321 0
vt 0.16673182 0.279766321 0
vt 0.11044319 0.210549772 0
vt 0.223020464 0.426143885 0
vt 0.223020464 0.568022311 0
vt 0.223020464 0.717920244 0
vt 0.223020464 0.854672253 0
vt 0.337850004 0.210549772 0
vt 0.280435234 0.210549772 0
vt 0.337850004 0.279766321 0
vt 0.280435234 0.279766321 0
vt 0.337850004 0.426143885 0
vt 0.337850004 0.568022311 0
vt 0.337850004 0.717920244 0
vt 0.337850004 0.854672253 0
vt 0.443332195 0.279766321 0
vt 0.443332195 0.426143885 0
vt 0.443332195 0.568022311 0
vt 0.443332195 0.717920244 0
vt 0.443332195 0.854672253 0
vt 0.500150204 0.279766321 0
vt 0.556968212 0.279766321 0
vt 0.556968212 0.210549772 0
vt 0.443332195 0.210549772 0
vt 0.556968212 0.426143885 0
vt 0.556968212 0.568022311 0
vt 0.556968212 0.717920244 0
vt 0.556968212 0.854672253 0
vt 0.667872727 0.279766321 0
vt 0.667872727 0.426143885 0
vt 0.667872727 0.568022311 0
vt 0.667872727 0.717920244 0
vt 0.667872727 0.854672253 0
vt 0.726123869 0.210549772 0
vt 0.667872727 0.210549772 0
vt 0.726123869 0.279766321 0
vt 0.784375012 0.426143885 0
vt 0.784375012 0.279766321 0
vt 0.784375012 0.568022311 0
vt 0.784375012 0.717920244 0
vt 0.784375012 0.854672253 0
vt 0.888116479 0.210549772 0
vt 0.836245775 0.210549772 0
vt 0.888116479 0.279766321 0
vt 0.836245775 0.279766321 0
vt 0.784375012 0.210549772 0
vt 0.888116479 0.426143885 0
vt 0.888116479 0.568022311 0
vt 0.888116479 0.717920244 0
vt 0.888116479 0.854672253 0
vt 1 0.279766321 0
vt 1 0.426143885 0
vt 1 0.568022311 0
vt 1 0.717920244 0
vt 1 0.854672253 0
vt 0.194402248 0.185572386 0
vt 0.125248477 0.144152522 0
vt 0.25 0.194861889 0
vt 0.305840015 0.18548739 0
vt 0.377145976 0.142119586 0
vt 0.444609255 0.18362987 0
vt 0.501066625 0.193392992 0
vt 0.556116521 0.184233844 0
vt 0.625611782 0.142451644 0
vt 0.0691430792 0.179784417 0
vt 0 0.193983793 0
vt 0.940169454 0.18258065 0
vt 1 0.193983793 0
vt 0.75 1 0
vt 0.25 1 0
vt 0 1 0
vt 0 0.5 0
vt 1 0.5 0
vt 0.11044319 0.281787634 0
vt 0 0.281787634 0
vt 0.11044319 0.427754402 0
vt 0 0.427754402 0
vt 0.11044319 0.56923455 0
vt 0 0.56923455 0
vt 0.11044319 0.718711853 0
vt 0 0.718711853 0
vt 0.11044319 0.855080128 0
vt 0 0.855080128 0
vt 0.223020464 0.212765276 0
vt 0.16673182 0.212765276 0
vt 0.223020464 0.281787634 0
vt 0.16673182 0.281787634 0
vt 0.11044319 0.212765276 0
vt 0.223020464 0.427754402 0
vt 0.223020464 0.56923455 0
vt 0.223020464 0.718711853 0
vt 0.223020464 0.855080128 0
vt 0.337850004 0.212765276 0
vt 0.280435234 0.212765276 0
vt 0.337850004 0.281787634 0
vt 0.280435234 0.281787634 0
vt 0.337850004 0.427754402 0
vt 0.337850004 0.56923455 0
vt 0.337850004 0.718711853 0
vt 0.337850004 0.855080128 0
vt 0.443332195 0.281787634 0
vt 0.443332195 0.427754402 0
vt 0.443332195 0.56923455 0
vt 0.443332195 0.718711853 0
vt 0.443332195 0.855080128 0
vt 0.556968212 0.281787634 0
vt 0.556968212 0.427754402 0
vt 0.556968212 0.56923455 0
vt 0.556968212 0.718711853 0
vt 0.556968212 0.855080128 0
vt 0.667872727 0.281787634 0
vt 0.667872727 0.427754402 0
vt 0.667872727 0.56923455 0
vt 0.667872727 0.718711853 0
vt 0.667872727 0.855080128 0
vt 0.784375012 0.281787634 0
vt 0.784375012 0.427754402 0
vt 0.784375012 0.56923455 0
vt 0.784375012 0.718711853 0
vt 0.784375012 0.855080128 0
vt 0.888116479 0.281787634 0
vt 0.888116479 0.427754402 0
vt 0.888116479 0.56923455 0
vt 0.888116479 0.718711853 0
vt 0.888116479 0.855080128 0
vt 1 0.281787634 0
vt 1 0.427754402 0
vt 1 0.56923455 0
vt 1 0.718711853 0
vt 1 0.855080128 0
vt 0.570370495 0.185656726 0
vt 0.68171525 0.187271774 0
vt 0.625629723 0.152107596 0
vt 0.75 0.201305807 0
vt 0.81677711 0.187914371 0
vt 0.871851444 0.15413326 0
vt 0.432105511 0.182794809 0
vt 0.37722072 0.144874334 0
vt 0.503812671 0.19895947 0
vt 0.0673736259 0.182507694 0
vt 0 0.199434042 0
vt 0.927682042 0.186616719 0
vt 1 0.199434042 0

# 756 vertex normals
vn 0.928883612 -0.326941431 0.174024299
vn 0.76022619 -0.630378544 0.157095641
vn 0.77568239 -0.606672823 0.173968151
vn 0.753382802 -0.629205287 0.191089094
vn 0.974420607 -0.162722543 0.155002609
vn 0.943759084 -0.276052356 0.181971997
vn 0.756676793 -0.634636045 0.157090262
vn 0.930868506 -0.334002525 0.148074716
vn 0.756676733 -0.634636104 0.157090306
vn 0.930868566 -0.334002435 0.148074746
vn 0.748369217 -0.644278586 0.157634556
vn 0.930868506 -0.334002495 0.148074687
vn 0.498117268 -0.851299644 0.164827451
vn 0.485049903 -0.853984773 0.188246191
vn 0.106607467 -0.976128578 0.189229459
vn 0.288828939 -0.939877927 0.182228759
vn 0.161240533 -0.974332213 0.157092854
vn 0.161240578 -0.974332213 0.157093033
vn 0.207355514 -0.966307461 0.152491286
vn -0.517116189 -0.831589997 0.202605262
vn -0.506544828 -0.847781301 0.157096192
vn -0.506544828 -0.847781301 0.157096133
vn -0.506544888 -0.847781301 0.157096148
vn -0.481955647 -0.86301744 0.15139237
vn -0.933588207 -0.29808563 0.198891997
vn -0.930343032 -0.331334651 0.157095999
vn -0.930343032 -0.33133468 0.157096118
vn -0.930343032 -0.33133468 0.157096073
vn -0.928196251 -0.340667546 0.149657533
vn -0.931101024 0.305998504 0.19853425
vn -0.926723897 0.341330469 0.157087207
vn -0.926723897 0.341330498 0.157087192
vn -0.925438464 0.348714143 0.148196265
vn -0.493026614 0.842917442 0.215441272
vn -0.480671555 0.862714469 0.157094404
vn -0.480671376 0.862714529 0.15709427
vn -0.480671495 0.862714469 0.157094389
vn -0.46258685 0.874043822 0.148528814
vn 0.182316422 0.960822701 0.208759248
vn 0.189634293 0.969206572 0.157090589
vn 0.189634293 0.969206572 0.157090619
vn 0.189634368 0.969206572 0.157090604
vn 0.227845237 0.961430907 0.154068649
vn 0.619217992 0.763800859 0.182146266
vn 0.833522141 0.522218227 0.180357829
vn 0.760751367 0.629745483 0.157092527
vn 0.760751307 0.629745424 0.157092601
vn 0.75327903 0.638408065 0.158132285
vn 0.757750928 0.633686483 0.155739963
vn 0.927446842 0.33076787 0.174456164
vn 0.942551017 0.279712468 0.182643205
vn 0.974058211 0.164932132 0.154944971
vn 0.929302216 0.338445038 0.147825599
vn 0.929302216 0.338444948 0.147825614
vn 0.929302275 0.338444918 0.147825539
vn 0.358311325 -0.924395323 0.130790755
vn 0.63238585 -0.762299478 0.137795538
vn -0.0705519319 -0.97481513 0.211560354
vn -0.378539145 -0.907187819 0.183625475
vn -0.670682788 -0.715679109 0.194905266
vn -0.864198983 -0.465173274 0.191765398
vn -0.974344134 0.000119821496 0.225063175
vn -0.858885407 0.470060378 0.203369513
vn -0.655348361 0.728495598 0.199531063
vn -0.347468346 0.919005156 0.186266631
vn -0.0544545799 0.968868911 0.241511449
vn 0.44723919 0.873246908 0.193434656
vn 0.727356255 0.668397248 0.155557126
vn 0.913721681 0.386404157 0.125715986
vn 0.974006653 0.163496628 0.156779438
vn 0.630592525 0.754884839 0.180282846
vn 0.919679224 0.357796431 0.16177696
vn -0.0584657788 0.981011748 0.184926197
vn -0.717780173 0.671162069 0.185291842
vn -0.982095957 0.000327757734 0.188380942
vn -0.720526218 -0.667683125 0.187192813
vn -0.0676446259 -0.980815351 0.182826295
vn 0.628141046 -0.758235455 0.174693495
vn 0.920292139 -0.355506003 0.163333625
vn 0.909191132 -0.376162618 0.178530559
vn 0.974393129 -0.161930904 0.156001329
vn 0.807118177 -0.563040555 0.1776108
vn 0.307376772 0.946336031 -0.0998381674
vn 0.568895996 0.801382005 -0.184781507
vn 0.470770955 0.815313518 -0.337103188
vn 0.715053916 0.36032775 -0.599050701
vn 0.902987301 0.313991994 -0.293296725
vn 0.76339376 -0.282444179 -0.580908954
vn 0.912785411 -0.280932039 -0.296479315
vn 0.491434813 -0.765518367 -0.415299267
vn 0.580874324 -0.791825652 -0.18867211
vn 0.311817974 -0.944728374 -0.101280689
vn 0.192657173 0.946734786 -0.258024186
vn 0.251496732 0.759213269 -0.60028708
vn 0.203136757 -0.785667121 -0.584348023
vn 0.195443138 -0.945138037 -0.261755586
vn 0.00724104093 0.946219563 -0.323444068
vn -0.185863361 0.789718032 -0.584636867
vn -0.185279459 -0.787003279 -0.58847034
vn 0.00734579097 -0.944608808 -0.328116238
vn -0.186529294 0.946177125 -0.26449129
vn -0.472360045 0.775698602 -0.418530405
vn -0.483907849 -0.767084777 -0.42120567
vn -0.189223424 -0.944565177 -0.26831153
vn -0.307326823 0.946182251 -0.1014366
vn -0.578807354 0.815463066 -0.00144605513
vn -0.944510102 0.328474551 -0.0022771426
vn -0.74907732 0.309527963 -0.585726619
vn -0.955742776 -0.294194669 -0.00230183708
vn -0.758282602 -0.28225261 -0.587657154
vn -0.591436684 -0.806350112 -0.0014745571
vn -0.31176582 -0.944570422 -0.102901682
vn -0.307376772 0.946336031 0.0998381153
vn -0.470770895 0.815313518 0.337103307
vn -0.767854452 0.328327298 0.550091565
vn -0.776976049 -0.294052809 0.55663383
vn -0.48104614 -0.806185544 0.344469815
vn -0.311817974 -0.944728374 0.101280794
vn -0.192656994 0.946734786 0.258024275
vn -0.188414633 0.815339804 0.547467768
vn -0.307636857 0.328352928 0.893053114
vn -0.311300457 -0.294077843 0.903664887
vn -0.192536816 -0.806214869 0.559416771
vn -0.195443362 -0.945138037 0.261755496
vn -0.0072412719 0.946219623 0.323443949
vn 0.168800846 0.81549561 0.553600192
vn 0.275449246 0.328506231 0.903444171
vn 0.278725147 -0.294225454 0.914190173
vn 0.172482461 -0.806385875 0.56567806
vn -0.00734551996 -0.944608808 0.328116298
vn 0.186529577 0.946177125 0.264491051
vn 0.465010881 0.815505266 0.344551921
vn 0.758882463 0.328515977 0.562294066
vn 0.767909288 -0.294234514 0.56898278
vn 0.475155175 -0.806396484 0.352068543
vn 0.18922326 -0.944565117 0.268311739
vn 0.307326823 0.946182251 0.101436645
vn 0.568472683 0.801020265 0.187630758
vn 0.901699543 0.313628227 0.297615886
vn 0.911459744 -0.280603051 0.300837338
vn 0.580423594 -0.791459024 0.191575229
vn 0.31176582 -0.944570422 0.102901682
vn 0.465179056 -0.496890903 -0.73260349
vn 0.641755521 0.00809325092 -0.766866624
vn 0.00882073492 -0.626772523 -0.779152334
vn -0.453476965 -0.498254448 -0.738986552
vn -0.633351028 0.00808889326 -0.773822308
vn -0.448959261 0.505248547 -0.736993551
vn 0.00528071914 0.630381405 -0.776267588
vn 0.446611911 0.478043735 -0.756314754
vn -0.216190159 -0.643841147 0.733982563
vn -0.210789412 -0.274951786 0.93806684
vn -0.157090381 -0.634636045 0.756676733
vn -0.148074657 -0.334002644 0.930868506
vn -0.157090321 -0.634636045 0.756676733
vn -0.148074701 -0.334002554 0.930868506
vn -0.157090306 -0.634636045 0.756676733
vn -0.148074761 -0.334002465 0.930868566
vn -0.157644853 -0.644288659 0.748358369
vn -0.148074746 -0.334002495 0.930868506
vn -0.207435042 -0.964300513 0.164606258
vn -0.157092944 -0.974332213 0.161240518
vn -0.157092869 -0.974332213 0.161240488
vn -0.157092929 -0.974332213 0.161240518
vn -0.152399749 -0.966323435 0.207348451
vn -0.202874705 -0.826995194 -0.524328887
vn -0.157096267 -0.847781301 -0.506544828
vn -0.157096133 -0.847781301 -0.506544888
vn -0.151272237 -0.863028765 -0.481973052
vn -0.196295515 -0.297094494 -0.934453249
vn -0.157096013 -0.331334621 -0.930343032
vn -0.157096148 -0.33133468 -0.930343032
vn -0.157096058 -0.33133468 -0.930343032
vn -0.149498746 -0.340672463 -0.928220034
vn -0.196159482 0.305214375 -0.931861341
vn -0.157087237 0.341330469 -0.926723897
vn -0.157087162 0.341330558 -0.926723838
vn -0.157087177 0.341330469 -0.926723897
vn -0.148007542 0.348721653 -0.925465822
vn -0.211829945 0.843748093 -0.493170649
vn -0.157094315 0.862714469 -0.480671465
vn -0.157094389 0.862714469 -0.480671555
vn -0.157094315 0.862714529 -0.480671376
vn -0.148347989 0.874064207 -0.462606341
vn -0.207229361 0.961019754 0.183021769
vn -0.157090515 0.969206572 0.189634398
vn -0.157090575 0.969206572 0.189634293
vn -0.157090664 0.969206572 0.189634249
vn -0.154004604 0.961443543 0.227835223
vn -0.209748089 0.644076049 0.735643804
vn -0.157092541 0.629745483 0.760751307
vn -0.157092512 0.629745483 0.760751367
vn -0.157092601 0.629745424 0.760751307
vn -0.158152297 0.638415694 0.753268361
vn -0.212255239 0.2775518 0.936969995
vn -0.14782548 0.338444978 0.929302216
vn -0.147825569 0.338445067 0.929302156
vn -0.147825614 0.338444978 0.929302216
vn -0.147825554 0.338444948 0.929302216
vn -0.199244484 -0.342348397 0.918204367
vn -0.154921785 -0.165813282 0.973912299
vn -0.158504188 -0.680559695 0.715342581
vn -0.204999566 0.340290457 0.917702317
vn -0.16108866 0.685580432 0.709950686
vn -0.154941499 0.165064827 0.974036336
vn -0.203528941 -0.887720942 0.412949711
vn -0.208693817 -0.975194395 -0.0737754479
vn -0.177458152 -0.89980644 -0.39856866
vn -0.206109419 -0.696797311 -0.687017024
vn -0.196534455 -0.457719833 -0.867102504
vn -0.22821185 0.000551753328 -0.973611355
vn -0.199702203 0.46814546 -0.860789657
vn -0.199851274 0.728530705 -0.655211806
vn -0.186282113 0.919934154 -0.344992995
vn -0.23751241 0.969938934 -0.0529752895
vn -0.191002071 0.894046009 0.405215919
vn -0.180687189 0.754825652 0.630547643
vn -0.162036017 0.357780725 0.919639766
vn -0.185397848 0.980922401 -0.058470916
vn -0.185766801 0.67109555 -0.717719615
vn -0.188908592 0.000327773712 -0.981994629
vn -0.18770197 -0.667611837 -0.720459878
vn -0.183268562 -0.980732858 -0.0676441416
vn -0.175004169 -0.758196652 0.628101408
vn -0.163616866 -0.355488598 0.920248508
vn 0.0998381153 0.946336031 0.307376772
vn 0.184781462 0.801381946 0.568896115
vn 0.337103397 0.815313458 0.470770925
vn 0.59905082 0.360327721 0.715053916
vn 0.293296695 0.313992053 0.902987242
vn 0.580909073 -0.282444149 0.7633937
vn 0.296479106 -0.280932069 0.91278547
vn 0.415299237 -0.765518367 0.491434783
vn 0.188672155 -0.791825652 0.580874324
vn 0.101280689 -0.944728374 0.311817974
vn 0.258024275 0.946734786 0.192656979
vn 0.600287259 0.75921309 0.251496851
vn 0.584348023 -0.785667121 0.203136757
vn 0.261755615 -0.945138037 0.195443153
vn 0.323443949 0.946219623 0.0072412719
vn 0.584636927 0.789717972 -0.185863331
vn 0.58847034 -0.787003279 -0.185279459
vn 0.328116208 -0.944608808 0.00734579004
vn 0.264491141 0.946177185 -0.186529383
vn 0.418530315 0.775698543 -0.472360164
vn 0.42120567 -0.767084777 -0.483907849
vn 0.26831153 -0.944565177 -0.189223424
vn 0.1014366 0.946182251 -0.307326823
vn 0.00144589378 0.815463126 -0.578807235
vn 0.00227710186 0.328474522 -0.944510102
vn 0.5857265 0.309528053 -0.74907732
vn 0.00230171415 -0.294194549 -0.955742776
vn 0.587657034 -0.282252729 -0.758282661
vn 0.00147453323 -0.806350112 -0.591436684
vn 0.102901727 -0.944570422 -0.31176579
vn -0.0998382717 0.946336031 -0.307376742
vn -0.337103307 0.815313339 -0.470771223
vn -0.550091863 0.328327477 -0.767854154
vn -0.55663383 -0.294052839 -0.776975989
vn -0.344469965 -0.806185424 -0.481046289
vn -0.101280846 -0.944728374 -0.311817944
vn -0.258024126 0.946734786 -0.192657381
vn -0.547467768 0.815339804 -0.188414618
vn -0.893053174 0.328352809 -0.307636946
vn -0.903664887 -0.294077635 -0.311300695
vn -0.559417009 -0.80621469 -0.192536905
vn -0.261755496 -0.945138037 -0.195443362
vn -0.323444098 0.946219563 -0.0072408081
vn -0.55360043 0.815495491 0.168800995
vn -0.903444111 0.32850644 0.275449187
vn -0.914190412 -0.294225097 0.278724939
vn -0.56567806 -0.806385875 0.172482252
vn -0.328116298 -0.944608808 -0.00734551996
vn -0.264491409 0.946177065 0.186529338
vn -0.344552159 0.815505266 0.465010703
vn -0.562294364 0.328516036 0.758882284
vn -0.568982899 -0.294234544 0.767909169
vn -0.352068543 -0.806396544 0.475155115
vn -0.268311739 -0.944565117 0.18922326
vn -0.101436682 0.946182251 0.307326823
vn -0.187630802 0.801020265 0.568472683
vn -0.297615856 0.313628286 0.901699543
vn -0.300837278 -0.280602992 0.911459744
vn -0.191575229 -0.791459024 0.580423594
vn -0.102901682 -0.944570422 0.31176582
vn 0.73260355 -0.496890903 0.465178937
vn 0.766866684 0.00809342414 0.641755402
vn 0.779152334 -0.626772523 0.00882074051
vn 0.738986492 -0.498254597 -0.453476936
vn 0.773822188 0.00808888488 -0.633351207
vn 0.736993551 0.505248487 -0.448959261
vn 0.776267707 0.630381286 0.005280938
vn 0.756314695 0.478043735 0.446611971
vn 0.930868506 -0.334002614 -0.148074582
vn 0.939135015 -0.273300439 -0.208164036
vn 0.661217391 -0.727676511 -0.18242389
vn 0.851534724 -0.485253215 -0.198539615
vn 0.930868506 -0.334002435 -0.148074821
vn 0.756676793 -0.634635985 -0.157090396
vn 0.930868506 -0.334002554 -0.148074627
vn 0.756676733 -0.634636104 -0.157090247
vn 0.930868506 -0.334002554 -0.148074716
vn 0.748358369 -0.644288659 -0.157644868
vn 0.739322245 -0.651334107 -0.170781836
vn 0.485015452 -0.853924632 -0.188607395
vn 0.481069326 -0.859337032 -0.173528641
vn 0.100706346 -0.975012898 -0.198010355
vn 0.28879872 -0.939833045 -0.182508022
vn 0.161240518 -0.974332213 -0.157092974
vn 0.161240518 -0.974332213 -0.157092929
vn 0.207348466 -0.966323435 -0.152399868
vn -0.506544888 -0.847781301 -0.157096058
vn -0.509664297 -0.833433926 -0.213612288
vn -0.506544828 -0.847781301 -0.157096222
vn -0.506544888 -0.847781301 -0.157096133
vn -0.481973022 -0.863028765 -0.151272401
vn -0.930343032 -0.33133468 -0.157096058
vn -0.934450924 -0.29709512 -0.196305692
vn -0.930343032 -0.331334651 -0.157096073
vn -0.930343091 -0.331334651 -0.157095999
vn -0.928219974 -0.340672404 -0.149498954
vn -0.926723897 0.341330469 -0.157087237
vn -0.931859076 0.305215031 -0.196169615
vn -0.926723838 0.341330558 -0.157087132
vn -0.925465763 0.348721653 -0.148007765
vn -0.480671465 0.862714469 -0.157094389
vn -0.49184373 0.844516456 -0.211853117
vn -0.480671495 0.862714469 -0.157094404
vn -0.480671436 0.862714529 -0.157094359
vn -0.462606221 0.874064207 -0.148348227
vn 0.189634323 0.969206572 -0.15709056
vn 0.181690753 0.961655796 -0.205442622
vn 0.189634353 0.969206572 -0.157090589
vn 0.227835253 0.961443543 -0.154004708
vn 0.760751307 0.629745483 -0.157092601
vn 0.73654002 0.644185424 -0.206237718
vn 0.760751307 0.629745424 -0.157092571
vn 0.753268421 0.638415635 -0.158152297
vn 0.929302156 0.338445067 -0.147825599
vn 0.938070834 0.275926411 -0.209493861
vn 0.929302275 0.338444829 -0.14782548
vn 0.929302216 0.338444978 -0.147825599
vn 0.929302216 0.338444948 -0.147825509
vn -0.867102206 -0.457707465 -0.196564689
vn -0.662191391 -0.725171745 -0.188754946
vn -0.973606884 0.000551754434 -0.228230864
vn -0.86078912 0.468133748 -0.199732125
vn -0.653330803 0.730566263 -0.198574334
vn 0.569159806 -0.805037677 -0.167246744
vn 0.770797431 -0.620735943 -0.143381655
vn 0.31808129 -0.937988997 -0.137844056
vn -0.0690882429 -0.966092169 -0.248782456
vn -0.344306886 -0.91606164 -0.205630228
vn -0.340073735 0.921423972 -0.187956661
vn -0.0536919236 0.9692173 -0.240281045
vn 0.401762098 0.896241784 -0.187983662
vn 0.710916996 0.684627831 -0.160878047
vn 0.919700682 0.33594662 -0.203200832
vn 0.974964797 0.159345135 -0.155089393
vn 0.630547643 0.754825771 -0.180686802
vn 0.919639766 0.357780755 -0.162035853
vn -0.0584708452 0.98092252 -0.185397357
vn -0.717719615 0.671095669 -0.18576625
vn -0.981994748 0.000327773683 -0.188907892
vn -0.720459938 -0.667611897 -0.187701344
vn -0.0676440895 -0.980732918 -0.183268085
vn 0.628101349 -0.758196771 -0.175003871
vn 0.920248568 -0.355488628 -0.163616642
vn 0.911717534 -0.367920458 -0.182772085
vn 0.974849224 -0.160068467 -0.15507102
vn 0.568896055 0.801381946 0.184781536
vn 0.307376772 0.946336031 0.0998381674
vn 0.470770925 0.815313458 0.337103426
vn 0.902987242 0.313992053 0.293296754
vn 0.715054035 0.360327721 0.599050641
vn 0.91278547 -0.280932009 0.296479255
vn 0.76339376 -0.282444119 0.580909014
vn 0.580874324 -0.791825652 0.18867211
vn 0.491434813 -0.765518367 0.415299267
vn 0.311817974 -0.944728374 0.101280689
vn 0.192657024 0.946734786 0.258024365
vn 0.251496851 0.759213269 0.60028708
vn 0.203136757 -0.785667121 0.584348023
vn 0.195443138 -0.945138037 0.261755586
vn 0.00724127516 0.946219563 0.323444098
vn -0.185863346 0.789718032 0.584636927
vn -0.185279742 -0.787003219 0.58847034
vn 0.00734579097 -0.944608808 0.328116238
vn -0.186529294 0.946177125 0.26449129
vn -0.472360015 0.775698602 0.418530434
vn -0.483907849 -0.767084777 0.42120567
vn -0.189223602 -0.944565177 0.268311411
vn -0.307326823 0.946182251 0.1014366
vn -0.578807354 0.815463066 0.00144599134
vn -0.749077201 0.309528112 0.585726678
vn -0.944510102 0.328474551 0.00227706903
vn -0.758282542 -0.282252818 0.587657154
vn -0.955742776 -0.294194549 0.00230177143
vn -0.591436625 -0.806350172 0.00147468527
vn -0.31176585 -0.944570422 0.102901742
vn -0.307376742 0.946336031 -0.0998381898
vn -0.470770985 0.815313458 -0.337103337
vn -0.767854393 0.328327358 -0.550091624
vn -0.776976109 -0.29405272 -0.556633711
vn -0.481046259 -0.806185424 -0.344469905
vn -0.311817974 -0.944728374 -0.101280645
vn -0.192657083 0.946734786 -0.258024365
vn -0.188414559 0.815339804 -0.547467768
vn -0.307637066 0.328352988 -0.893053055
vn -0.311300606 -0.294077456 -0.903664947
vn -0.19253698 -0.806214809 -0.559416771
vn -0.195443228 -0.945138097 -0.261755496
vn -0.00724127516 0.946219563 -0.323444098
vn 0.168800533 0.815495491 -0.55360049
vn 0.275449157 0.328506678 -0.903444052
vn 0.278724819 -0.294225335 -0.914190292
vn 0.172482803 -0.806385756 -0.56567806
vn -0.00734558189 -0.944608808 -0.328116149
vn 0.186529264 0.946177125 -0.26449129
vn 0.465010703 0.815505266 -0.34455213
vn 0.758882165 0.328515917 -0.562294543
vn 0.767909348 -0.294234514 -0.568982661
vn 0.475155115 -0.806396604 -0.352068424
vn 0.189223602 -0.944565177 -0.268311441
vn 0.307326853 0.946182251 -0.10143657
vn 0.568472743 0.801020265 -0.187630624
vn 0.901699603 0.313628286 -0.297615707
vn 0.911459744 -0.280603081 -0.300837278
vn 0.580423594 -0.791459024 -0.191575199
vn 0.31176585 -0.944570422 -0.102901742
vn 0.465179056 -0.496890903 0.73260349
vn 0.6417557 0.00809338316 0.766866446
vn 0.00882054865 -0.626772463 0.779152453
vn -0.453477025 -0.498254478 0.738986492
vn -0.633350849 0.00808888394 0.773822486
vn -0.448959202 0.505248487 0.736993611
vn 0.00528074009 0.630381584 0.776267469
vn 0.44661212 0.478043944 0.756314456
vn 0.215719625 -0.635183334 -0.741624653
vn 0.206579044 -0.272828192 -0.939622223
vn 0.151056036 -0.634636104 -0.75790441
vn 0.140652835 -0.334002495 -0.932018816
vn 0.151056156 -0.634635985 -0.75790453
vn 0.14065282 -0.334002495 -0.932018816
vn 0.151056126 -0.634636045 -0.75790441
vn 0.14065285 -0.334002435 -0.932018816
vn 0.151671067 -0.644282997 -0.749596775
vn 0.140652716 -0.334002584 -0.932018816
vn 0.207691908 -0.962744892 -0.173165619
vn 0.155803189 -0.974332213 -0.162487179
vn 0.155803129 -0.974332213 -0.162487045
vn 0.155803233 -0.974332213 -0.162487134
vn 0.150794491 -0.966314375 -0.208560616
vn 0.190902278 -0.907391965 0.374427855
vn 0.184992835 -0.769736826 0.610968769
vn 0.161127314 -0.847781301 0.505277038
vn 0.161127329 -0.847781241 0.505277097
vn 0.155175611 -0.863022387 0.480742067
vn 0.170852885 -0.64040345 0.748794198
vn 0.191660136 -0.621065915 0.759962857
vn 0.206509188 -0.231155634 0.950747609
vn 0.187047347 -0.447872847 0.874312997
vn 0.164504021 -0.331334621 0.92906177
vn 0.164504096 -0.33133471 0.929061711
vn 0.156979725 -0.340669721 0.926985204
vn 0.206593305 0.305867016 0.929389358
vn 0.164466292 0.341330498 0.925442755
vn 0.164466411 0.341330498 0.925442755
vn 0.164466292 0.341330588 0.925442755
vn 0.155483529 0.348717362 0.924240828
vn 0.213291064 0.839044869 0.500510335
vn 0.160919398 0.862714469 0.479404509
vn 0.160919324 0.862714469 0.479404509
vn 0.160919353 0.862714469 0.479404479
vn 0.152131438 0.874052703 0.461397737
vn 0.208663121 0.959913611 -0.187151253
vn 0.155574605 0.969206572 -0.190880001
vn 0.15557453 0.969206572 -0.190879986
vn 0.155574724 0.969206572 -0.190879941
vn 0.152220428 0.961436391 -0.229061082
vn 0.207954928 0.640328586 -0.739414692
vn 0.151025906 0.629745424 -0.761978924
vn 0.151025921 0.629745424 -0.761978924
vn 0.151025996 0.629745424 -0.761978865
vn 0.152133852 0.638411403 -0.754510581
vn 0.208062798 0.275431246 -0.938534796
vn 0.14041619 0.338444948 -0.930450618
vn 0.140416175 0.338444889 -0.930450618
vn 0.140416235 0.338444948 -0.930450618
vn 0.140416071 0.338444948 -0.930450618
vn 0.207590073 0.471133709 0.857286096
vn 0.236077011 0.000556414132 0.971734226
vn 0.216663778 0.712723315 0.667144895
vn 0.179362237 -0.563061655 0.806716025
vn 0.200559124 -0.722094715 0.662084043
vn 0.181711301 -0.375002801 0.909040093
vn 0.201266587 0.335235536 -0.920385182
vn 0.153785646 0.676935852 -0.719797075
vn 0.147315964 0.15934515 -0.976169586
vn 0.201044455 -0.331983417 -0.921611726
vn 0.147298485 -0.160068572 -0.976053894
vn 0.151881456 -0.658835888 -0.736795306
vn 0.20118095 -0.876924396 -0.436497271
vn 0.21232295 -0.975834429 0.0516337156
vn 0.202481002 -0.860785842 0.46695739
vn 0.175181508 0.908230364 0.380038142
vn 0.218750551 0.974045217 0.0581724569
vn 0.1888455 0.889993072 -0.415029854
vn 0.175428584 0.75485909 -0.63199091
vn 0.154556692 0.357789636 -0.920922816
vn 0.185591355 0.980972946 0.0569910184
vn 0.191211641 0.67113322 0.716252983
vn 0.196429461 0.000327743765 0.980517924
vn 0.193149269 -0.66765213 0.718981206
vn 0.183551863 -0.980779469 0.0661839247
vn 0.169818223 -0.758218646 -0.629496813
vn 0.156118974 -0.355498433 -0.92154634
vn -0.102284178 0.946336031 -0.306571484
vn -0.189308628 0.801381946 -0.567405701
vn -0.340843618 0.815313458 -0.46807006
vn -0.604729116 0.360327691 -0.710258186
vn -0.300482392 0.313992053 -0.900621593
vn -0.586973131 -0.282444209 -0.758740962
vn -0.303742975 -0.280932009 -0.910394132
vn -0.419201761 -0.765518308 -0.488110214
vn -0.193294555 -0.791825652 -0.579352558
vn -0.103762008 -0.944728434 -0.311001062
vn -0.259551108 0.946734786 -0.19059515
vn -0.602271974 0.759213269 -0.246705607
vn -0.58594811 -0.785667121 -0.198474094
vn -0.263304532 -0.945138037 -0.193351373
vn -0.323491454 0.946219563 -0.00466355449
vn -0.583137393 0.789717972 0.190515876
vn -0.586975396 -0.787003219 0.18996273
vn -0.328164369 -0.944608808 -0.00473099481
vn -0.262996674 0.946177125 0.18863079
vn -0.414753407 0.775698602 0.475679845
vn -0.417336583 -0.767084777 0.48724851
vn -0.266795278 -0.944565177 0.191355392
vn -0.0989845693 0.946182251 0.308125317
vn 0.00316599268 0.815463066 0.578800499
vn 0.00524883717 0.328474611 0.944498181
vn -0.579739451 0.309528023 0.753720462
vn 0.00531362277 -0.294194609 0.955730736
vn -0.581596494 -0.282252759 0.762940943
vn 0.00323793222 -0.806350052 0.59142971
vn -0.100414403 -0.944570422 0.312575847
vn 0.102284163 0.946336031 0.306571513
vn 0.340843707 0.815313518 0.468069851
vn 0.556192517 0.328327417 0.763446808
vn 0.562807202 -0.294052869 0.772516012
vn 0.348292232 -0.806185484 0.478285909
vn 0.10376206 -0.944728434 0.311001033
vn 0.259551227 0.946734786 0.190595031
vn 0.548951685 0.815339744 0.184046596
vn 0.895476103 0.328353137 0.300510973
vn 0.906116664 -0.294077754 0.304090351
vn 0.560933173 -0.806214809 0.18807365
vn 0.2633048 -0.945138037 0.193351075
vn 0.323491395 0.946219563 0.00466402154
vn 0.552237928 0.815495491 -0.173206285
vn 0.901220798 0.328506291 -0.282638878
vn 0.911940455 -0.294225007 -0.28600046
vn 0.564285874 -0.806385815 -0.176984206
vn 0.328164339 -0.944608808 0.00473147305
vn 0.262996525 0.946177185 -0.188630894
vn 0.340835959 0.815505266 -0.46774143
vn 0.556229651 0.328515917 -0.763338625
vn 0.562845945 -0.294234455 -0.772418618
vn 0.348271221 -0.806396544 -0.477945387
vn 0.266795248 -0.944565177 -0.191355318
vn 0.0989846215 0.946182251 -0.308125287
vn 0.183095157 0.801020265 -0.569949687
vn 0.290421665 0.313628256 -0.904042363
vn 0.293565273 -0.280603051 -0.913827896
vn 0.186944216 -0.791459024 -0.581931651
vn 0.100414224 -0.944570422 -0.312575847
vn -0.7362867 -0.496890962 -0.459327012
vn -0.77195555 0.00809329096 -0.635624945
vn -0.779197931 -0.626772523 -0.00261180918
vn -0.735349834 -0.498254538 0.459350705
vn -0.768751383 0.00808894075 0.639496624
vn -0.733392894 0.505248547 0.454817235
vn -0.776285052 0.630381405 0.000905025634
vn -0.75984925 0.478043795 -0.440571487
vn 0.809860408 0.156611487 0.565330863
vn 0.924346805 0.209147289 0.319124371
vn 0.661795437 0.175514907 0.728849351
vn 0.930868506 0.148074672 0.334002525
vn 0.756676733 0.157090306 0.634636045
vn 0.930868506 0.148074597 0.334002674
vn 0.756676733 0.157090366 0.634636045
vn 0.930868506 0.148074776 0.334002525
vn 0.675296009 0.19660908 0.710858822
vn 0.930868447 0.148074731 0.334002584
vn 0.155872539 0.186581656 0.969995379
vn 0.484811097 0.165274888 0.858861089
vn 0.159063056 0.157094851 0.974689782
vn 0.485848308 0.17966719 0.855377793
vn 0.795829296 0.190307438 0.574838042
vn 0.159691796 0.182934329 0.970068872
vn 0.161240578 0.157092959 0.974332213
vn 0.161240518 0.157092959 0.974332213
vn 0.160466269 0.160057411 0.973977506
vn -0.598481894 0.184300557 0.779649079
vn -0.173726484 0.187814549 0.966718614
vn -0.575917482 0.156579912 0.802372575
vn -0.183016568 0.178029373 0.966856003
vn -0.387003541 0.174225911 0.905468702
vn -0.506544888 0.157096103 0.847781301
vn -0.506544888 0.157096148 0.847781241
vn -0.544295847 0.192874923 0.81641978
vn -0.898773313 0.156510144 0.409525454
vn -0.96312803 0.173565105 0.205571353
vn -0.930343032 0.157096073 0.33133474
vn -0.930343032 0.157096073 0.331334651
vn -0.92887646 0.169841573 0.329153985
vn -0.985588312 0.16915305 -0.00170608761
vn -0.8943519 0.156386033 -0.419139653
vn -0.915686727 0.155800998 -0.370464385
vn -0.919824302 0.154578134 0.360595196
vn -0.961860836 0.173681557 -0.211325526
vn -0.926723897 0.157087177 -0.341330469
vn -0.926723897 0.157087237 -0.341330439
vn -0.9251858 0.17062299 -0.338997126
vn -0.552486598 0.156469554 -0.818703771
vn -0.354779035 0.174705878 -0.918482244
vn -0.480671465 0.157094344 -0.862714469
vn -0.480671436 0.157094344 -0.862714529
vn -0.524664402 0.191861883 -0.829407215
vn -0.141789407 0.188184172 -0.971844852
vn -0.578153491 0.188705295 -0.793806553
vn -0.143786535 0.178476915 -0.97338146
vn 0.190768227 0.181241661 -0.964758456
vn 0.195009425 0.157095596 -0.968138576
vn 0.189634323 0.157090604 -0.969206572
vn 0.189634308 0.157090634 -0.969206572
vn 0.188662499 0.161186934 -0.968723476
vn 0.800122797 0.18852438 -0.569440126
vn 0.497047812 0.157747224 -0.853263915
vn 0.809930444 0.156487212 -0.56526494
vn 0.501603961 0.176466376 -0.846907914
vn 0.184226722 0.184877709 -0.96533972
vn 0.668622792 0.173040211 -0.723187804
vn 0.760751367 0.157092512 -0.629745483
vn 0.760751307 0.157092646 -0.629745424
vn 0.68059665 0.19897823 -0.7051211
vn 0.926458061 0.209768206 -0.312526524
vn 0.929302275 0.147825524 -0.338444829
vn 0.929302275 0.147825465 -0.338444978
vn 0.929302216 0.147825599 -0.338444948
vn 0.929302275 0.147825554 -0.338444889
vn 0.321174711 0.11342328 0.94020313
vn 0.662211299 0.117685929 0.740017712
vn -0.00370117184 0.123656973 0.992318094
vn -0.331328481 0.114305511 0.936565876
vn -0.643876672 0.187906504 0.741696715
vn -0.858891845 0.212758616 0.465873957
vn -0.986927092 0.16113165 -0.00339652342
vn -0.850343108 0.219864935 -0.478096247
vn -0.62930727 0.197722107 -0.751583874
vn -0.313109845 0.119156264 -0.942212284
vn 0.0109870043 0.133718312 -0.990958452
vn 0.329450965 0.113660596 -0.937306404
vn 0.670580328 0.114044212 -0.733018398
vn 0.897756934 0.198091358 0.393436491
vn 0.966505229 0.153743491 0.205500633
vn 0.905268669 0.19850938 -0.375609845
vn 0.972001612 0.154617801 -0.176935703
vn 0.105445281 0.257805556 -0.960425735
vn 0.824375868 0.22030288 -0.521412551
vn -0.961779594 0.273794085 -0.00408955105
vn 0.0896172151 0.257923037 0.962000251
vn 0.825626731 0.220288888 0.519435585
vn 0 1 0
vn 0.809860468 -0.156611472 -0.565330803
vn 0.924921572 -0.209139735 -0.317459643
vn 0.661793709 -0.1755355 -0.728845954
vn 0.930868506 -0.148074701 -0.334002525
vn 0.756676733 -0.157090262 -0.634636045
vn 0.930868506 -0.148074657 -0.334002495
vn 0.756676733 -0.157090321 -0.634636045
vn 0.930868566 -0.148074761 -0.334002405
vn 0.675280929 -0.196719915 -0.710842431
vn 0.930868506 -0.148074716 -0.334002465
vn 0.154417217 -0.19140017 -0.969289064
vn 0.472270757 -0.183692992 -0.862100482
vn 0.159062982 -0.157094851 -0.974689782
vn 0.485845834 -0.179693863 -0.855373561
vn 0.774674237 -0.194173634 -0.601810932
vn 0.159690887 -0.182960883 -0.970063984
vn 0.161240518 -0.157092869 -0.974332213
vn 0.161240458 -0.157092929 -0.974332213
vn 0.160464004 -0.160065591 -0.973976552
vn -0.588190675 -0.190146148 -0.786051035
vn -0.17232424 -0.19241555 -0.966064513
vn -0.575917423 -0.156579852 -0.802372694
vn -0.1830156 -0.178054154 -0.966851592
vn -0.387002885 -0.174245074 -0.905465305
vn -0.506544888 -0.157096103 -0.847781301
vn -0.506544828 -0.157096177 -0.847781301
vn -0.544279337 -0.192973137 -0.816407621
vn -0.933499634 -0.187716722 -0.305517405
vn -0.930343032 -0.157096073 -0.331334651
vn -0.930343032 -0.157096073 -0.33133474
vn -0.930343032 -0.157096043 -0.331334621
vn -0.928872466 -0.169876456 -0.329147279
vn -0.930253386 -0.189017475 0.314485282
vn -0.926723897 -0.157087162 0.341330498
vn -0.926723897 -0.157087147 0.341330498
vn -0.926723838 -0.157087207 0.341330528
vn -0.925181627 -0.170660004 0.338989913
vn -0.476207018 -0.184179768 0.859828293
vn -0.480671495 -0.157094434 0.862714469
vn -0.480671465 -0.1570943 0.862714469
vn -0.480671495 -0.157094389 0.862714469
vn -0.524648011 -0.191957638 0.829395413
vn 0.189133763 -0.19128333 0.963140249
vn 0.189634278 -0.157090694 0.969206572
vn 0.189634353 -0.1570905 0.969206572
vn 0.189634293 -0.157090604 0.969206572
vn 0.188659638 -0.161198214 0.968722165
vn 0.733461201 -0.194602042 0.651279271
vn 0.760751367 -0.157092541 0.629745424
vn 0.760751307 -0.157092571 0.629745483
vn 0.760751367 -0.157092571 0.629745424
vn 0.680580795 -0.199094817 0.705103576
vn 0.936836243 -0.186814353 0.295699537
vn 0.929302216 -0.147825539 0.338444978
vn 0.929302275 -0.14782548 0.338444948
vn 0.929302216 -0.147825614 0.338444978
vn 0.929302275 -0.147825584 0.338444889
vn -0.789274693 -0.232956156 0.568134606
vn -0.534811199 -0.266447604 0.801862001
vn -0.621503055 -0.473298967 0.624277234
vn -0.0546183586 -0.192754433 0.979725778
vn 0.421675354 -0.183363661 0.888013303
vn 0.693591714 -0.162820041 0.701726556
vn -0.845027804 -0.215317681 -0.489455104
vn -0.628112614 -0.171039551 -0.759091616
vn -0.983554602 -0.1803343 0.0099899862
vn 0.573476195 -0.167667672 -0.801880658
vn 0.751810312 -0.153039351 -0.641373694
vn 0.29815504 -0.139387906 -0.944285214
vn -0.00374493212 -0.130658612 -0.991420329
vn -0.325154483 -0.114142284 -0.938747108
vn 0.899696946 -0.202007309 -0.386960506
vn 0.967511415 -0.153903648 -0.200587466
vn 0.907423556 -0.184192285 0.377697825
vn 0.964443505 -0.15341562 0.215203151
vn 0.105436802 -0.258006603 0.960372686
vn 0.82434845 -0.220477477 0.521382093
vn -0.961713791 -0.274025321 0.00408979133
vn 0.0896107778 -0.258123636 -0.961947024
vn 0.825599432 -0.220463112 -0.519405067
vn 0 -1 0

# Mesh '' with 1082 faces
usemtl material0
f  1/1/1 2/2/2 3/3/3
f  4/4/4 2/2/2 1/1/1
f  1/1/1 5/5/5 6/6/6
f  1/1/1 6/6/6 4/4/4
f  4/4/4 6/6/6 7/7/7
f  6/6/6 8/8/8 7/7/7
f  7/7/7 8/8/8 9/9/9
f  8/8/8 10/10/10 9/9/9
f  9/9/9 10/10/10 11/11/11
f  10/10/10 12/12/12 11/11/11
f  13/13/13 14/14/14 15/15/15
f  13/13/13 3/3/3 14/14/14
f  3/3/3 2/2/2 14/14/14
f  16/16/16 15/15/15 14/14/14
f  14/14/14 2/2/2 4/4/4
f  14/14/14 4/4/4 16/16/16
f  16/16/16 4/4/4 17/17/17
f  4/4/4 7/7/7 17/17/17
f  17/17/17 7/7/7 18/18/18
f  7/7/7 9/9/9 18/18/18
f  18/18/18 9/9/9 19/19/19
f  9/9/9 11/11/11 19/19/19
f  20/20/20 15/15/15 21/21/21
f  15/15/15 16/16/16 21/21/21
f  21/21/21 16/16/16 22/22/22
f  16/16/16 17/17/17 22/22/22
f  22/22/22 17/17/17 23/23/23
f  17/17/17 18/18/18 23/23/23
f  23/23/23 18/18/18 24/24/24
f  18/18/18 19/19/19 24/24/24
f  25/25/25 20/20/20 26/26/26
f  20/20/20 21/21/21 26/26/26
f  26/26/26 21/21/21 27/27/27
f  21/21/21 22/22/22 27/27/27
f  27/27/27 22/22/22 28/28/28
f  22/22/22 23/23/23 28/28/28
f  28/28/28 23/23/23 29/29/29
f  23/23/23 24/24/24 29/29/29
f  30/30/30 25/25/25 31/31/31
f  25/25/25 26/26/26 31/31/31
f  31/31/31 26/26/26 32/32/31
f  26/26/26 27/27/27 32/32/31
f  32/32/31 27/27/27 33/33/32
f  27/27/27 28/28/28 33/33/32
f  33/33/32 28/28/28 34/34/33
f  28/28/28 29/29/29 34/34/33
f  35/35/34 30/30/30 36/36/35
f  30/30/30 31/31/31 36/36/35
f  36/36/35 31/31/31 37/37/36
f  31/31/31 32/32/31 37/37/36
f  37/37/36 32/32/31 38/38/37
f  32/32/31 33/33/32 38/38/37
f  38/38/37 33/33/32 39/39/38
f  33/33/32 34/34/33 39/39/38
f  40/40/39 35/35/34 41/41/40
f  35/35/34 36/36/35 41/41/40
f  41/41/40 36/36/35 42/42/41
f  36/36/35 37/37/36 42/42/41
f  42/42/41 37/37/36 43/43/42
f  37/37/36 38/38/37 43/43/42
f  43/43/42 38/38/37 44/44/43
f  38/38/37 39/39/38 44/44/43
f  45/45/44 40/40/39 46/46/45
f  40/40/39 41/41/40 46/46/45
f  46/46/45 41/41/40 47/47/46
f  41/41/40 42/42/41 47/47/46
f  47/47/46 42/42/41 48/48/47
f  42/42/41 43/43/42 48/48/47
f  48/48/47 43/43/42 49/49/48
f  43/43/42 44/44/43 49/49/48
f  50/50/49 45/45/44 51/51/50
f  6/52/51 5/53/52 51/51/50
f  51/51/50 45/45/44 46/46/45
f  51/51/50 46/46/45 6/52/51
f  6/52/51 46/46/45 8/54/53
f  46/46/45 47/47/46 8/54/53
f  8/54/53 47/47/46 10/55/54
f  47/47/46 48/48/47 10/55/54
f  10/55/54 48/48/47 12/56/55
f  48/48/47 49/49/48 12/56/55
f  13/13/13 52/57/56 53/58/57
f  15/15/15 54/59/58 52/57/56
f  20/20/20 55/60/59 54/59/58
f  20/20/20 56/61/60 55/60/59
f  20/20/20 57/62/61 56/61/60
f  25/25/25 58/63/62 57/62/61
f  30/30/30 59/64/63 58/63/62
f  35/35/34 60/65/64 59/64/63
f  35/35/34 61/66/65 60/65/64
f  35/35/34 62/67/66 61/66/65
f  40/40/39 63/68/67 62/67/66
f  50/50/49 64/69/68 63/68/67
f  50/50/49 65/70/69 64/69/68
f  51/51/50 66/71/70 65/70/69
f  49/49/48 67/72/71 68/73/72
f  44/44/43 69/74/73 67/72/71
f  39/39/38 70/75/74 69/74/73
f  34/34/33 71/76/75 70/75/74
f  29/29/29 72/77/76 71/76/75
f  24/24/24 73/78/77 72/77/76
f  19/19/19 74/79/78 73/78/77
f  11/11/11 68/80/79 74/79/78
f  1/1/1 75/81/80 66/82/81
f  3/3/3 76/83/82 75/81/80
f  3/3/3 53/58/57 76/83/82
f  11/11/11 12/12/12 68/80/79
f  1/1/1 66/82/81 5/5/5
f  51/51/50 5/53/52 66/71/70
f  49/49/48 68/73/72 12/56/55
f  75/81/80 1/1/1 3/3/3
f  52/57/56 13/13/13 15/15/15
f  53/58/57 3/3/3 13/13/13
f  74/79/78 19/19/19 11/11/11
f  54/59/58 15/15/15 20/20/20
f  73/78/77 24/24/24 19/19/19
f  57/62/61 20/20/20 25/25/25
f  72/77/76 29/29/29 24/24/24
f  58/63/62 25/25/25 30/30/30
f  71/76/75 34/34/33 29/29/29
f  59/64/63 30/30/30 35/35/34
f  70/75/74 39/39/38 34/34/33
f  62/67/66 35/35/34 40/40/39
f  69/74/73 44/44/43 39/39/38
f  63/68/67 40/40/39 45/45/44
f  67/72/71 49/49/48 44/44/43
f  63/68/67 45/45/44 50/50/49
f  65/70/69 50/50/49 51/51/50
f  77/84/83 78/85/84 79/86/85
f  79/86/85 78/85/84 80/87/86
f  78/85/84 81/88/87 80/87/86
f  80/87/86 81/88/87 82/89/88
f  81/88/87 83/90/89 82/89/88
f  82/89/88 83/90/89 84/91/90
f  83/90/89 85/92/91 84/91/90
f  84/91/90 85/92/91 86/93/92
f  77/94/93 79/86/85 87/95/94
f  88/96/95 84/91/90 86/97/96
f  77/98/97 87/95/94 89/99/98
f  90/100/99 88/96/95 86/101/100
f  77/102/101 89/99/98 91/103/102
f  92/104/103 90/100/99 86/105/104
f  77/106/105 91/103/102 93/107/106
f  93/107/106 91/103/102 94/108/107
f  91/103/102 95/109/108 94/108/107
f  94/108/107 95/109/108 96/110/109
f  95/109/108 97/111/110 96/110/109
f  96/110/109 97/111/110 98/112/111
f  97/111/110 92/104/103 98/112/111
f  98/112/111 92/104/103 86/113/112
f  77/114/113 93/107/106 99/115/114
f  99/115/114 93/107/106 100/116/115
f  93/107/106 94/108/107 100/116/115
f  100/116/115 94/108/107 101/117/116
f  94/108/107 96/110/109 101/117/116
f  101/117/116 96/110/109 102/118/117
f  96/110/109 98/112/111 102/118/117
f  102/118/117 98/112/111 86/119/118
f  77/120/119 99/115/114 103/121/120
f  103/121/120 99/115/114 104/122/121
f  99/115/114 100/116/115 104/122/121
f  104/122/121 100/116/115 105/123/122
f  100/116/115 101/117/116 105/123/122
f  105/123/122 101/117/116 106/124/123
f  101/117/116 102/118/117 106/124/123
f  106/124/123 102/118/117 86/125/124
f  77/126/125 103/121/120 107/127/126
f  107/127/126 103/121/120 108/128/127
f  103/121/120 104/122/121 108/128/127
f  108/128/127 104/122/121 109/129/128
f  104/122/121 105/123/122 109/129/128
f  109/129/128 105/123/122 110/130/129
f  105/123/122 106/124/123 110/130/129
f  110/130/129 106/124/123 86/131/130
f  77/132/131 107/127/126 111/133/132
f  111/133/132 107/127/126 112/134/133
f  107/127/126 108/128/127 112/134/133
f  112/134/133 108/128/127 113/135/134
f  108/128/127 109/129/128 113/135/134
f  113/135/134 109/129/128 114/136/135
f  109/129/128 110/130/129 114/136/135
f  114/136/135 110/130/129 86/137/136
f  77/138/137 111/133/132 78/139/138
f  78/139/138 111/133/132 81/140/139
f  111/133/132 112/134/133 81/140/139
f  81/140/139 112/134/133 83/141/140
f  112/134/133 113/135/134 83/141/140
f  83/141/140 113/135/134 85/142/141
f  113/135/134 114/136/135 85/142/141
f  85/142/141 114/136/135 86/143/142
f  82/89/88 74/144/143 68/145/144
f  88/96/95 73/146/145 74/144/143
f  90/100/99 72/147/146 73/146/145
f  97/111/110 71/148/147 72/147/146
f  95/109/108 70/149/148 71/148/147
f  89/99/98 69/150/149 70/149/148
f  87/95/94 67/151/150 69/150/149
f  80/87/86 68/145/144 67/151/150
f  87/95/94 79/86/85 80/87/86
f  68/145/144 80/87/86 82/89/88
f  74/144/143 82/89/88 84/91/90
f  74/144/143 84/91/90 88/96/95
f  69/150/149 89/99/98 87/95/94
f  73/146/145 88/96/95 90/100/99
f  70/149/148 91/103/102 89/99/98
f  72/147/146 90/100/99 92/104/103
f  70/149/148 95/109/108 91/103/102
f  71/148/147 97/111/110 95/109/108
f  72/147/146 92/104/103 97/111/110
f  80/87/86 67/151/150 87/95/94
f  115/152/151 116/153/152 117/154/153
f  116/153/152 118/155/154 117/154/153
f  117/154/153 118/155/154 119/156/155
f  118/155/154 120/157/156 119/156/155
f  119/156/155 120/157/156 121/158/157
f  120/157/156 122/159/158 121/158/157
f  121/158/157 122/159/158 123/160/159
f  122/159/158 124/161/160 123/160/159
f  125/162/161 115/152/151 126/163/162
f  115/152/151 117/154/153 126/163/162
f  126/163/162 117/154/153 127/164/163
f  117/154/153 119/156/155 127/164/163
f  127/164/163 119/156/155 128/165/164
f  119/156/155 121/158/157 128/165/164
f  128/165/164 121/158/157 129/166/165
f  121/158/157 123/160/159 129/166/165
f  130/167/166 125/162/161 131/168/167
f  125/162/161 126/163/162 131/168/167
f  131/168/167 126/163/162 132/169/168
f  126/163/162 127/164/163 132/169/168
f  132/169/168 127/164/163 133/170/168
f  127/164/163 128/165/164 133/170/168
f  133/170/168 128/165/164 134/171/169
f  128/165/164 129/166/165 134/171/169
f  135/172/170 130/167/166 136/173/171
f  130/167/166 131/168/167 136/173/171
f  136/173/171 131/168/167 137/174/172
f  131/168/167 132/169/168 137/174/172
f  137/174/172 132/169/168 138/175/173
f  132/169/168 133/170/168 138/175/173
f  138/175/173 133/170/168 139/176/174
f  133/170/168 134/171/169 139/176/174
f  140/177/175 135/172/170 141/178/176
f  135/172/170 136/173/171 141/178/176
f  141/178/176 136/173/171 142/179/177
f  136/173/171 137/174/172 142/179/177
f  142/179/177 137/174/172 143/180/178
f  137/174/172 138/175/173 143/180/178
f  143/180/178 138/175/173 144/181/179
f  138/175/173 139/176/174 144/181/179
f  145/182/180 140/177/175 146/183/181
f  140/177/175 141/178/176 146/183/181
f  146/183/181 141/178/176 147/184/182
f  141/178/176 142/179/177 147/184/182
f  147/184/182 142/179/177 148/185/183
f  142/179/177 143/180/178 148/185/183
f  148/185/183 143/180/178 149/186/184
f  143/180/178 144/181/179 149/186/184
f  150/187/185 145/182/180 151/188/186
f  145/182/180 146/183/181 151/188/186
f  151/188/186 146/183/181 152/189/187
f  146/183/181 147/184/182 152/189/187
f  152/189/187 147/184/182 153/190/188
f  147/184/182 148/185/183 153/190/188
f  153/190/188 148/185/183 154/191/189
f  148/185/183 149/186/184 154/191/189
f  155/192/190 150/187/185 156/193/191
f  150/187/185 151/188/186 156/193/191
f  156/193/191 151/188/186 157/194/192
f  151/188/186 152/189/187 157/194/192
f  157/194/192 152/189/187 158/195/193
f  152/189/187 153/190/188 158/195/193
f  158/195/193 153/190/188 159/196/194
f  153/190/188 154/191/189 159/196/194
f  116/197/195 155/192/190 118/198/196
f  155/192/190 156/193/191 118/198/196
f  118/198/196 156/193/191 120/199/197
f  156/193/191 157/194/192 120/199/197
f  120/199/197 157/194/192 122/200/198
f  157/194/192 158/195/193 122/200/198
f  122/200/198 158/195/193 124/201/199
f  158/195/193 159/196/194 124/201/199
f  116/153/152 57/202/200 58/203/201
f  115/152/151 56/204/202 57/202/200
f  155/192/190 59/205/203 60/206/204
f  116/197/195 58/207/205 59/205/203
f  115/152/151 160/208/206 56/204/202
f  125/162/161 161/209/207 160/208/206
f  130/167/166 162/210/208 161/209/207
f  130/167/166 163/211/209 162/210/208
f  130/167/166 164/212/210 163/211/209
f  135/172/170 165/213/211 164/212/210
f  140/177/175 166/214/212 165/213/211
f  145/182/180 167/215/213 166/214/212
f  145/182/180 168/216/214 167/215/213
f  145/182/180 169/217/215 168/216/214
f  150/187/185 170/218/216 169/217/215
f  155/192/190 60/206/204 170/218/216
f  159/196/194 171/72/217 172/73/218
f  154/191/189 173/74/219 171/72/217
f  149/186/184 174/75/220 173/74/219
f  144/181/179 175/76/221 174/75/220
f  139/176/174 176/77/222 175/76/221
f  134/171/169 177/78/223 176/77/222
f  129/166/165 178/79/224 177/78/223
f  123/160/159 172/80/225 178/79/224
f  123/160/159 124/161/160 172/80/225
f  159/196/194 172/73/218 124/201/199
f  57/202/200 116/153/152 115/152/151
f  160/208/206 115/152/151 125/162/161
f  178/79/224 129/166/165 123/160/159
f  161/209/207 125/162/161 130/167/166
f  177/78/223 134/171/169 129/166/165
f  164/212/210 130/167/166 135/172/170
f  176/77/222 139/176/174 134/171/169
f  165/213/211 135/172/170 140/177/175
f  175/76/221 144/181/179 139/176/174
f  166/214/212 140/177/175 145/182/180
f  174/75/220 149/186/184 144/181/179
f  169/217/215 145/182/180 150/187/185
f  173/74/219 154/191/189 149/186/184
f  170/218/216 150/187/185 155/192/190
f  171/72/217 159/196/194 154/191/189
f  59/205/203 155/192/190 116/197/195
f  179/84/226 180/85/227 181/86/228
f  181/86/228 180/85/227 182/87/229
f  180/85/227 183/88/230 182/87/229
f  182/87/229 183/88/230 184/89/231
f  183/88/230 185/90/232 184/89/231
f  184/89/231 185/90/232 186/91/233
f  185/90/232 187/92/234 186/91/233
f  186/91/233 187/92/234 188/93/235
f  179/94/236 181/86/228 189/95/237
f  190/96/238 186/91/233 188/97/239
f  179/98/240 189/95/237 191/99/241
f  192/100/242 190/96/238 188/101/243
f  179/102/244 191/99/241 193/103/245
f  194/104/246 192/100/242 188/105/247
f  179/106/248 193/103/245 195/107/249
f  195/107/249 193/103/245 196/108/250
f  193/103/245 197/109/251 196/108/250
f  196/108/250 197/109/251 198/110/252
f  197/109/251 199/111/253 198/110/252
f  198/110/252 199/111/253 200/112/254
f  199/111/253 194/104/246 200/112/254
f  200/112/254 194/104/246 188/113/255
f  179/114/256 195/107/249 201/115/257
f  201/115/257 195/107/249 202/116/258
f  195/107/249 196/108/250 202/116/258
f  202/116/258 196/108/250 203/117/259
f  196/108/250 198/110/252 203/117/259
f  203/117/259 198/110/252 204/118/260
f  198/110/252 200/112/254 204/118/260
f  204/118/260 200/112/254 188/119/261
f  179/120/262 201/115/257 205/121/263
f  205/121/263 201/115/257 206/122/264
f  201/115/257 202/116/258 206/122/264
f  206/122/264 202/116/258 207/123/265
f  202/116/258 203/117/259 207/123/265
f  207/123/265 203/117/259 208/124/266
f  203/117/259 204/118/260 208/124/266
f  208/124/266 204/118/260 188/125/267
f  179/126/268 205/121/263 209/127/269
f  209/127/269 205/121/263 210/128/270
f  205/121/263 206/122/264 210/128/270
f  210/128/270 206/122/264 211/129/271
f  206/122/264 207/123/265 211/129/271
f  211/129/271 207/123/265 212/130/272
f  207/123/265 208/124/266 212/130/272
f  212/130/272 208/124/266 188/131/273
f  179/132/274 209/127/269 213/133/275
f  213/133/275 209/127/269 214/134/276
f  209/127/269 210/128/270 214/134/276
f  214/134/276 210/128/270 215/135/277
f  210/128/270 211/129/271 215/135/277
f  215/135/277 211/129/271 216/136/278
f  211/129/271 212/130/272 216/136/278
f  216/136/278 212/130/272 188/137/279
f  179/138/280 213/133/275 180/139/281
f  180/139/281 213/133/275 183/140/282
f  213/133/275 214/134/276 183/140/282
f  183/140/282 214/134/276 185/141/283
f  214/134/276 215/135/277 185/141/283
f  185/141/283 215/135/277 187/142/284
f  215/135/277 216/136/278 187/142/284
f  187/142/284 216/136/278 188/143/285
f  184/89/231 178/144/286 172/145/287
f  190/96/238 177/146/288 178/144/286
f  192/100/242 176/147/289 177/146/288
f  199/111/253 175/148/290 176/147/289
f  197/109/251 174/149/291 175/148/290
f  191/99/241 173/150/292 174/149/291
f  189/95/237 171/151/293 173/150/292
f  182/87/229 172/145/287 171/151/293
f  189/95/237 181/86/228 182/87/229
f  172/145/287 182/87/229 184/89/231
f  178/144/286 184/89/231 186/91/233
f  178/144/286 186/91/233 190/96/238
f  173/150/292 191/99/241 189/95/237
f  177/146/288 190/96/238 192/100/242
f  174/149/291 193/103/245 191/99/241
f  176/147/289 192/100/242 194/104/246
f  174/149/291 197/109/251 193/103/245
f  175/148/290 199/111/253 197/109/251
f  176/147/289 194/104/246 199/111/253
f  182/87/229 171/151/293 189/95/237
f  217/219/294 218/220/295 219/221/296
f  218/220/295 220/222/297 219/221/296
f  221/223/298 217/219/294 222/224/299
f  217/219/294 219/221/296 222/224/299
f  223/225/300 221/223/298 224/226/301
f  221/223/298 222/224/299 224/226/301
f  225/227/302 223/225/300 226/228/303
f  223/225/300 224/226/301 226/228/303
f  220/222/297 227/229/304 228/230/305
f  227/229/304 229/231/306 228/230/305
f  230/232/307 231/233/308 228/230/305
f  220/222/297 228/230/305 219/221/296
f  219/221/296 228/230/305 231/233/308
f  222/224/299 219/221/296 232/234/309
f  219/221/296 231/233/308 232/234/309
f  224/226/301 222/224/299 233/235/310
f  222/224/299 232/234/309 233/235/310
f  226/228/303 224/226/301 234/236/311
f  224/226/301 233/235/310 234/236/311
f  231/233/308 230/232/307 235/237/312
f  230/232/307 236/238/313 235/237/312
f  232/234/309 231/233/308 237/239/314
f  231/233/308 235/237/312 237/239/314
f  233/235/310 232/234/309 238/240/315
f  232/234/309 237/239/314 238/240/315
f  234/236/311 233/235/310 239/241/316
f  233/235/310 238/240/315 239/241/316
f  235/237/312 236/238/313 240/242/317
f  236/238/313 241/243/318 240/242/317
f  237/239/314 235/237/312 242/244/319
f  235/237/312 240/242/317 242/244/319
f  238/240/315 237/239/314 243/245/320
f  237/239/314 242/244/319 243/245/320
f  239/241/316 238/240/315 244/246/321
f  238/240/315 243/245/320 244/246/321
f  240/242/317 241/243/318 245/247/322
f  241/243/318 246/248/323 245/247/322
f  242/244/319 240/242/317 247/249/322
f  240/242/317 245/247/322 247/249/322
f  243/245/320 242/244/319 248/250/324
f  242/244/319 247/249/322 248/250/324
f  244/246/321 243/245/320 249/251/325
f  243/245/320 248/250/324 249/251/325
f  245/247/322 246/248/323 250/252/326
f  246/248/323 251/253/327 250/252/326
f  247/249/322 245/247/322 252/254/328
f  245/247/322 250/252/326 252/254/328
f  248/250/324 247/249/322 253/255/329
f  247/249/322 252/254/328 253/255/329
f  249/251/325 248/250/324 254/256/330
f  248/250/324 253/255/329 254/256/330
f  250/252/326 251/253/327 255/257/331
f  251/253/327 256/258/332 255/257/331
f  252/254/328 250/252/326 257/259/333
f  250/252/326 255/257/331 257/259/333
f  253/255/329 252/254/328 258/260/333
f  252/254/328 257/259/333 258/260/333
f  254/256/330 253/255/329 259/261/334
f  253/255/329 258/260/333 259/261/334
f  255/257/331 256/258/332 260/262/335
f  256/258/332 261/263/336 260/262/335
f  257/259/333 255/257/331 262/264/337
f  255/257/331 260/262/335 262/264/337
f  258/260/333 257/259/333 263/265/335
f  257/259/333 262/264/337 263/265/335
f  259/261/334 258/260/333 264/266/338
f  258/260/333 263/265/335 264/266/338
f  260/262/335 261/263/336 217/267/339
f  261/263/336 218/268/340 217/267/339
f  262/264/337 260/262/335 221/269/341
f  260/262/335 217/267/339 221/269/341
f  263/265/335 262/264/337 223/270/342
f  262/264/337 221/269/341 223/270/342
f  264/266/338 263/265/335 225/271/343
f  263/265/335 223/270/342 225/271/343
f  164/212/344 236/238/313 163/272/345
f  165/213/346 241/243/318 164/212/344
f  166/214/347 246/248/323 165/213/346
f  167/273/348 251/253/327 166/214/347
f  265/274/349 227/229/304 266/275/350
f  267/276/351 229/231/306 265/274/349
f  268/277/352 230/232/307 267/276/351
f  269/278/353 236/238/313 268/277/352
f  163/272/345 236/238/313 269/278/353
f  270/279/354 251/253/327 167/273/348
f  271/280/355 251/253/327 270/279/354
f  272/281/356 256/258/332 271/280/355
f  273/282/357 261/263/336 272/281/356
f  274/283/358 261/263/336 273/282/357
f  275/284/359 218/268/340 274/283/358
f  276/72/360 264/266/338 277/73/361
f  278/74/362 259/261/334 276/72/360
f  279/75/363 254/256/330 278/74/362
f  280/76/364 249/251/325 279/75/363
f  281/77/365 244/246/321 280/76/364
f  282/78/366 239/241/316 281/77/365
f  283/79/367 234/236/311 282/78/366
f  277/80/368 226/228/303 283/79/367
f  284/285/369 218/220/295 275/286/370
f  266/275/350 227/229/304 284/285/369
f  225/227/302 226/228/303 277/80/368
f  277/73/361 264/266/338 225/271/343
f  218/220/295 284/285/369 220/222/297
f  220/222/297 284/285/369 227/229/304
f  227/229/304 265/274/349 229/231/306
f  229/231/306 230/232/307 228/230/305
f  234/236/311 283/79/367 226/228/303
f  230/232/307 268/277/352 236/238/313
f  239/241/316 282/78/366 234/236/311
f  236/238/313 164/212/344 241/243/318
f  244/246/321 281/77/365 239/241/316
f  241/243/318 165/213/346 246/248/323
f  249/251/325 280/76/364 244/246/321
f  246/248/323 166/214/347 251/253/327
f  254/256/330 279/75/363 249/251/325
f  251/253/327 271/280/355 256/258/332
f  259/261/334 278/74/362 254/256/330
f  256/258/332 272/281/356 261/263/336
f  264/266/338 276/72/360 259/261/334
f  261/263/336 274/283/358 218/268/340
f  267/276/351 230/232/307 229/231/306
f  285/85/371 286/84/372 287/86/373
f  288/88/374 285/85/371 289/87/375
f  285/85/371 287/86/373 289/87/375
f  290/90/376 288/88/374 291/89/377
f  288/88/374 289/87/375 291/89/377
f  292/92/378 290/90/376 293/91/379
f  290/90/376 291/89/377 293/91/379
f  292/92/378 293/91/379 294/93/380
f  287/86/373 286/94/381 295/95/382
f  293/91/379 296/96/383 294/97/384
f  295/95/382 286/98/385 297/99/386
f  296/96/383 298/100/387 294/101/388
f  297/99/386 286/102/389 299/103/390
f  298/100/387 300/104/391 294/105/392
f  299/103/390 286/106/393 301/107/394
f  302/109/395 299/103/390 303/108/396
f  299/103/390 301/107/394 303/108/396
f  304/111/397 302/109/395 305/110/398
f  302/109/395 303/108/396 305/110/398
f  300/104/391 304/111/397 306/112/399
f  304/111/397 305/110/398 306/112/399
f  300/104/391 306/112/399 294/113/400
f  301/107/394 286/114/401 307/115/402
f  303/108/396 301/107/394 308/116/403
f  301/107/394 307/115/402 308/116/403
f  305/110/398 303/108/396 309/117/404
f  303/108/396 308/116/403 309/117/404
f  306/112/399 305/110/398 310/118/405
f  305/110/398 309/117/404 310/118/405
f  306/112/399 310/118/405 294/119/406
f  307/115/402 286/120/407 311/121/408
f  308/116/403 307/115/402 312/122/409
f  307/115/402 311/121/408 312/122/409
f  309/117/404 308/116/403 313/123/410
f  308/116/403 312/122/409 313/123/410
f  310/118/405 309/117/404 314/124/411
f  309/117/404 313/123/410 314/124/411
f  310/118/405 314/124/411 294/125/412
f  311/121/408 286/126/413 315/127/414
f  312/122/409 311/121/408 316/128/415
f  311/121/408 315/127/414 316/128/415
f  313/123/410 312/122/409 317/129/416
f  312/122/409 316/128/415 317/129/416
f  314/124/411 313/123/410 318/130/417
f  313/123/410 317/129/416 318/130/417
f  314/124/411 318/130/417 294/131/418
f  315/127/414 286/132/419 319/133/420
f  316/128/415 315/127/414 320/134/421
f  315/127/414 319/133/420 320/134/421
f  317/129/416 316/128/415 321/135/422
f  316/128/415 320/134/421 321/135/422
f  318/130/417 317/129/416 322/136/423
f  317/129/416 321/135/422 322/136/423
f  318/130/417 322/136/423 294/137/424
f  319/133/420 286/138/425 285/139/426
f  320/134/421 319/133/420 288/140/427
f  319/133/420 285/139/426 288/140/427
f  321/135/422 320/134/421 290/141/428
f  320/134/421 288/140/427 290/141/428
f  322/136/423 321/135/422 292/142/429
f  321/135/422 290/141/428 292/142/429
f  322/136/423 292/142/429 294/143/430
f  283/144/431 291/89/377 277/145/432
f  282/146/433 296/96/383 283/144/431
f  281/147/434 298/100/387 282/146/433
f  280/148/435 304/111/397 281/147/434
f  279/149/436 302/109/395 280/148/435
f  278/150/437 297/99/386 279/149/436
f  276/151/438 295/95/382 278/150/437
f  277/145/432 289/87/375 276/151/438
f  287/86/373 295/95/382 289/87/375
f  289/87/375 277/145/432 291/89/377
f  291/89/377 283/144/431 293/91/379
f  293/91/379 283/144/431 296/96/383
f  297/99/386 278/150/437 295/95/382
f  296/96/383 282/146/433 298/100/387
f  299/103/390 279/149/436 297/99/386
f  298/100/387 281/147/434 300/104/391
f  302/109/395 279/149/436 299/103/390
f  304/111/397 280/148/435 302/109/395
f  300/104/391 281/147/434 304/111/397
f  276/151/438 289/87/375 295/95/382
f  323/287/439 324/288/440 325/289/441
f  324/288/440 326/290/442 325/289/441
f  325/289/441 326/290/442 327/291/443
f  326/290/442 328/292/444 327/291/443
f  327/291/443 328/292/444 329/293/445
f  328/292/444 330/294/446 329/293/445
f  329/293/445 330/294/446 331/295/447
f  330/294/446 332/296/448 331/295/447
f  333/297/449 323/287/439 334/298/450
f  323/287/439 325/289/441 334/298/450
f  334/298/450 325/289/441 335/299/451
f  325/289/441 327/291/443 335/299/451
f  335/299/451 327/291/443 336/300/452
f  327/291/443 329/293/445 336/300/452
f  336/300/452 329/293/445 337/301/453
f  329/293/445 331/295/447 337/301/453
f  338/302/454 333/297/449 339/303/455
f  333/297/449 334/298/450 339/303/455
f  339/303/455 334/298/450 340/304/456
f  334/298/450 335/299/451 340/304/456
f  340/304/456 335/299/451 341/305/457
f  335/299/451 336/300/452 341/305/457
f  341/305/457 336/300/452 342/306/458
f  336/300/452 337/301/453 342/306/458
f  343/307/459 344/308/460 345/309/461
f  338/302/454 344/308/460 343/307/459
f  346/310/462 345/309/461 344/308/460
f  344/308/460 338/302/454 339/303/455
f  344/308/460 339/303/455 346/310/462
f  346/310/462 339/303/455 347/311/463
f  339/303/455 340/304/456 347/311/463
f  347/311/463 340/304/456 348/312/464
f  340/304/456 341/305/457 348/312/464
f  348/312/464 341/305/457 349/313/465
f  341/305/457 342/306/458 349/313/465
f  350/314/466 345/309/461 351/315/467
f  345/309/461 346/310/462 351/315/467
f  351/315/467 346/310/462 352/316/468
f  346/310/462 347/311/463 352/316/468
f  352/316/468 347/311/463 353/317/469
f  347/311/463 348/312/464 353/317/469
f  353/317/469 348/312/464 354/318/470
f  348/312/464 349/313/465 354/318/470
f  355/319/471 350/314/466 356/320/472
f  350/314/466 351/315/467 356/320/472
f  356/320/472 351/315/467 357/321/473
f  351/315/467 352/316/468 357/321/473
f  357/321/473 352/316/468 358/322/474
f  352/316/468 353/317/469 358/322/474
f  358/322/474 353/317/469 359/323/475
f  353/317/469 354/318/470 359/323/475
f  360/324/476 355/319/471 361/325/477
f  355/319/471 356/320/472 361/325/477
f  361/325/477 356/320/472 362/326/478
f  356/320/472 357/321/473 362/326/478
f  362/326/478 357/321/473 363/327/479
f  357/321/473 358/322/474 363/327/479
f  363/327/479 358/322/474 364/328/480
f  358/322/474 359/323/475 364/328/480
f  365/329/481 360/324/476 366/330/482
f  360/324/476 361/325/477 366/330/482
f  366/330/482 361/325/477 367/331/483
f  361/325/477 362/326/478 367/331/483
f  367/331/483 362/326/478 368/332/484
f  362/326/478 363/327/479 368/332/484
f  368/332/484 363/327/479 369/333/485
f  363/327/479 364/328/480 369/333/485
f  324/334/486 365/329/481 326/335/487
f  365/329/481 366/330/482 326/335/487
f  326/335/487 366/330/482 328/336/488
f  366/330/482 367/331/483 328/336/488
f  328/336/488 367/331/483 330/337/489
f  367/331/483 368/332/484 330/337/489
f  330/337/489 368/332/484 332/338/490
f  368/332/484 369/333/485 332/338/490
f  350/314/466 65/339/491 66/340/492
f  355/319/471 64/341/493 65/339/491
f  343/307/459 76/342/494 53/343/495
f  343/307/459 75/344/496 76/342/494
f  345/309/461 66/340/492 75/344/496
f  365/329/481 274/283/497 273/345/498
f  324/334/486 275/284/499 274/283/497
f  324/288/440 284/285/500 275/286/501
f  323/287/439 266/346/502 284/285/500
f  323/287/439 370/347/503 266/346/502
f  333/297/449 371/348/504 370/347/503
f  338/302/454 372/349/505 371/348/504
f  343/307/459 53/343/495 372/349/505
f  355/319/471 373/350/506 64/341/493
f  355/319/471 374/351/507 373/350/506
f  360/324/476 375/352/508 374/351/507
f  365/329/481 273/345/498 375/352/508
f  369/333/485 376/72/509 377/73/510
f  364/328/480 378/74/511 376/72/509
f  359/323/475 379/75/512 378/74/511
f  354/318/470 380/76/513 379/75/512
f  349/313/465 381/77/514 380/76/513
f  342/306/458 382/78/515 381/77/514
f  337/301/453 383/79/516 382/78/515
f  331/295/447 377/80/517 383/79/516
f  331/295/447 332/296/448 377/80/517
f  369/333/485 377/73/510 332/338/490
f  284/285/500 324/288/440 323/287/439
f  370/347/503 323/287/439 333/297/449
f  383/79/516 337/301/453 331/295/447
f  371/348/504 333/297/449 338/302/454
f  382/78/515 342/306/458 337/301/453
f  75/344/496 343/307/459 345/309/461
f  372/349/505 338/302/454 343/307/459
f  381/77/514 349/313/465 342/306/458
f  66/340/492 345/309/461 350/314/466
f  380/76/513 354/318/470 349/313/465
f  65/339/491 350/314/466 355/319/471
f  379/75/512 359/323/475 354/318/470
f  374/351/507 355/319/471 360/324/476
f  378/74/511 364/328/480 359/323/475
f  375/352/508 360/324/476 365/329/481
f  376/72/509 369/333/485 364/328/480
f  274/283/497 365/329/481 324/334/486
f  384/84/518 385/85/519 386/86/520
f  386/86/520 385/85/519 387/87/521
f  385/85/519 388/88/522 387/87/521
f  387/87/521 388/88/522 389/89/523
f  388/88/522 390/90/524 389/89/523
f  389/89/523 390/90/524 391/91/525
f  390/90/524 392/92/526 391/91/525
f  391/91/525 392/92/526 393/93/527
f  384/94/528 386/86/520 394/95/529
f  395/96/530 391/91/525 393/97/531
f  384/98/532 394/95/529 396/99/533
f  397/100/534 395/96/530 393/101/535
f  384/102/536 396/99/533 398/103/537
f  399/104/538 397/100/534 393/105/539
f  384/106/540 398/103/537 400/107/541
f  400/107/541 398/103/537 401/108/542
f  398/103/537 402/109/543 401/108/542
f  401/108/542 402/109/543 403/110/544
f  402/109/543 404/111/545 403/110/544
f  403/110/544 404/111/545 405/112/546
f  404/111/545 399/104/538 405/112/546
f  405/112/546 399/104/538 393/113/547
f  384/114/548 400/107/541 406/115/549
f  406/115/549 400/107/541 407/116/550
f  400/107/541 401/108/542 407/116/550
f  407/116/550 401/108/542 408/117/551
f  401/108/542 403/110/544 408/117/551
f  408/117/551 403/110/544 409/118/552
f  403/110/544 405/112/546 409/118/552
f  409/118/552 405/112/546 393/119/553
f  384/120/554 406/115/549 410/121/555
f  410/121/555 406/115/549 411/122/556
f  406/115/549 407/116/550 411/122/556
f  411/122/556 407/116/550 412/123/557
f  407/116/550 408/117/551 412/123/557
f  412/123/557 408/117/551 413/124/558
f  408/117/551 409/118/552 413/124/558
f  413/124/558 409/118/552 393/125/559
f  384/126/560 410/121/555 414/127/561
f  414/127/561 410/121/555 415/128/562
f  410/121/555 411/122/556 415/128/562
f  415/128/562 411/122/556 416/129/563
f  411/122/556 412/123/557 416/129/563
f  416/129/563 412/123/557 417/130/564
f  412/123/557 413/124/558 417/130/564
f  417/130/564 413/124/558 393/131/565
f  384/132/566 414/127/561 418/133/567
f  418/133/567 414/127/561 419/134/568
f  414/127/561 415/128/562 419/134/568
f  419/134/568 415/128/562 420/135/569
f  415/128/562 416/129/563 420/135/569
f  420/135/569 416/129/563 421/136/570
f  416/129/563 417/130/564 421/136/570
f  421/136/570 417/130/564 393/137/571
f  384/138/572 418/133/567 385/139/573
f  385/139/573 418/133/567 388/140/574
f  418/133/567 419/134/568 388/140/574
f  388/140/574 419/134/568 390/141/575
f  419/134/568 420/135/569 390/141/575
f  390/141/575 420/135/569 392/142/576
f  420/135/569 421/136/570 392/142/576
f  392/142/576 421/136/570 393/143/577
f  389/89/523 383/144/578 377/145/579
f  395/96/530 382/146/580 383/144/578
f  397/100/534 381/147/581 382/146/580
f  404/111/545 380/148/582 381/147/581
f  402/109/543 379/149/583 380/148/582
f  396/99/533 378/150/584 379/149/583
f  394/95/529 376/151/585 378/150/584
f  387/87/521 377/145/579 376/151/585
f  394/95/529 386/86/520 387/87/521
f  377/145/579 387/87/521 389/89/523
f  383/144/578 389/89/523 391/91/525
f  383/144/578 391/91/525 395/96/530
f  378/150/584 396/99/533 394/95/529
f  382/146/580 395/96/530 397/100/534
f  379/149/583 398/103/537 396/99/533
f  381/147/581 397/100/534 399/104/538
f  379/149/583 402/109/543 398/103/537
f  380/148/582 404/111/545 402/109/543
f  381/147/581 399/104/538 404/111/545
f  387/87/521 376/151/585 394/95/529
f  422/353/586 423/354/587 424/355/588
f  423/354/587 425/356/589 424/355/588
f  424/355/588 425/356/589 426/357/590
f  425/356/589 427/358/591 426/357/590
f  426/357/590 427/358/591 428/359/592
f  427/358/591 429/360/593 428/359/592
f  428/359/592 429/360/593 430/361/594
f  429/360/593 431/362/595 430/361/594
f  432/363/596 433/364/597 434/365/598
f  433/364/597 435/366/599 434/365/598
f  433/364/597 436/367/600 435/366/599
f  436/367/600 422/353/586 435/366/599
f  437/368/601 434/365/598 435/366/599
f  435/366/599 422/353/586 424/355/588
f  435/366/599 424/355/588 437/368/601
f  437/368/601 424/355/588 438/369/602
f  424/355/588 426/357/590 438/369/602
f  438/369/602 426/357/590 439/370/603
f  426/357/590 428/359/592 439/370/603
f  439/370/603 428/359/592 440/371/604
f  428/359/592 430/361/594 440/371/604
f  441/372/605 442/373/606 443/374/607
f  442/373/606 444/375/608 443/374/607
f  445/376/609 443/374/607 444/375/608
f  444/375/608 434/365/598 437/368/601
f  444/375/608 437/368/601 445/376/609
f  445/376/609 437/368/601 446/377/610
f  437/368/601 438/369/602 446/377/610
f  446/377/610 438/369/602 447/378/611
f  438/369/602 439/370/603 447/378/611
f  447/378/611 439/370/603 448/379/612
f  439/370/603 440/371/604 448/379/612
f  449/380/613 443/374/607 450/381/614
f  443/374/607 445/376/609 450/381/614
f  450/381/614 445/376/609 451/382/615
f  445/376/609 446/377/610 451/382/615
f  451/382/615 446/377/610 452/383/616
f  446/377/610 447/378/611 452/383/616
f  452/383/616 447/378/611 453/384/617
f  447/378/611 448/379/612 453/384/617
f  454/385/618 455/386/619 456/387/620
f  457/388/621 449/380/613 454/385/618
f  458/389/622 455/386/619 454/385/618
f  454/385/618 449/380/613 450/381/614
f  454/385/618 450/381/614 458/389/622
f  458/389/622 450/381/614 459/390/623
f  450/381/614 451/382/615 459/390/623
f  459/390/623 451/382/615 460/391/624
f  451/382/615 452/383/616 460/391/624
f  460/391/624 452/383/616 461/392/625
f  452/383/616 453/384/617 461/392/625
f  462/393/626 455/386/619 463/394/627
f  455/386/619 458/389/622 463/394/627
f  463/394/627 458/389/622 464/395/628
f  458/389/622 459/390/623 464/395/628
f  464/395/628 459/390/623 465/396/629
f  459/390/623 460/391/624 465/396/629
f  465/396/629 460/391/624 466/397/630
f  460/391/624 461/392/625 466/397/630
f  467/398/631 468/399/632 469/400/633
f  468/399/632 462/393/626 469/400/633
f  470/401/634 471/402/635 469/400/633
f  469/400/633 462/393/626 463/394/627
f  469/400/633 463/394/627 470/401/634
f  470/401/634 463/394/627 472/403/636
f  463/394/627 464/395/628 472/403/636
f  472/403/636 464/395/628 473/404/637
f  464/395/628 465/396/629 473/404/637
f  473/404/637 465/396/629 474/405/638
f  465/396/629 466/397/630 474/405/638
f  475/406/639 476/407/640 477/408/641
f  476/407/640 478/409/642 477/408/641
f  476/407/640 479/410/643 478/409/642
f  479/410/643 471/402/635 478/409/642
f  480/411/644 477/408/641 478/409/642
f  478/409/642 471/402/635 470/401/634
f  478/409/642 470/401/634 480/411/644
f  480/411/644 470/401/634 481/412/645
f  470/401/634 472/403/636 481/412/645
f  481/412/645 472/403/636 482/413/646
f  472/403/636 473/404/637 482/413/646
f  482/413/646 473/404/637 483/414/647
f  473/404/637 474/405/638 483/414/647
f  423/415/648 477/408/641 425/416/649
f  477/408/641 480/411/644 425/416/649
f  425/416/649 480/411/644 427/417/650
f  480/411/644 481/412/645 427/417/650
f  427/417/650 481/412/645 429/418/651
f  481/412/645 482/413/646 429/418/651
f  429/418/651 482/413/646 431/419/652
f  482/413/646 483/414/647 431/419/652
f  433/364/597 63/420/653 64/421/654
f  432/363/596 62/422/655 63/420/653
f  442/373/606 61/423/656 62/422/655
f  441/372/605 60/424/657 61/423/656
f  441/372/605 170/425/658 60/424/657
f  457/388/621 169/426/659 170/425/658
f  456/387/620 168/427/660 169/426/659
f  468/399/632 167/428/661 168/427/660
f  468/399/632 270/279/662 167/428/661
f  467/398/631 271/280/663 270/279/662
f  479/410/643 272/281/664 271/280/663
f  476/407/640 273/282/665 272/281/664
f  423/354/587 373/429/666 374/430/667
f  436/367/600 64/421/654 373/429/666
f  475/406/639 375/431/668 273/282/665
f  423/415/648 374/432/669 375/431/668
f  483/414/647 484/433/670 485/143/671
f  466/397/630 486/113/672 484/433/670
f  448/379/612 487/434/673 486/113/672
f  430/361/594 485/435/674 487/434/673
f  430/361/594 431/362/595 485/435/674
f  483/414/647 485/143/671 431/419/652
f  436/367/600 423/354/587 422/353/586
f  63/420/653 433/364/597 432/363/596
f  442/373/606 432/363/596 434/365/598
f  64/421/654 436/367/600 433/364/597
f  487/434/673 440/371/604 430/361/594
f  434/365/598 444/375/608 442/373/606
f  61/423/656 442/373/606 441/372/605
f  449/380/613 441/372/605 443/374/607
f  487/434/673 448/379/612 440/371/604
f  486/113/672 453/384/617 448/379/612
f  468/399/632 456/387/620 455/386/619
f  169/426/659 454/385/618 456/387/620
f  441/372/605 449/380/613 457/388/621
f  169/426/659 457/388/621 454/385/618
f  486/113/672 461/392/625 453/384/617
f  468/399/632 455/386/619 462/393/626
f  486/113/672 466/397/630 461/392/625
f  270/279/662 468/399/632 467/398/631
f  479/410/643 467/398/631 469/400/633
f  479/410/643 469/400/633 471/402/635
f  484/433/670 474/405/638 466/397/630
f  273/282/665 476/407/640 475/406/639
f  423/415/648 475/406/639 477/408/641
f  272/281/664 479/410/643 476/407/640
f  484/433/670 483/414/647 474/405/638
f  442/373/606 62/422/655 432/363/596
f  457/388/621 170/425/658 441/372/605
f  468/399/632 168/427/660 456/387/620
f  479/410/643 271/280/663 467/398/631
f  436/367/600 373/429/666 423/354/587
f  423/415/648 375/431/668 475/406/639
f  484/436/675 486/114/675 485/113/675
f  487/437/675 485/113/675 486/114/675
f  488/438/676 489/439/677 490/440/678
f  489/439/677 491/441/679 490/440/678
f  490/440/678 491/441/679 492/442/680
f  491/441/679 493/443/681 492/442/680
f  492/442/680 493/443/681 494/444/682
f  493/443/681 495/445/683 494/444/682
f  494/444/682 495/445/683 496/446/684
f  495/445/683 497/447/685 496/446/684
f  498/448/686 499/449/687 500/450/688
f  499/449/687 501/451/689 500/450/688
f  499/449/687 502/452/690 501/451/689
f  502/452/690 488/438/676 501/451/689
f  503/453/691 500/450/688 501/451/689
f  501/451/689 488/438/676 490/440/678
f  501/451/689 490/440/678 503/453/691
f  503/453/691 490/440/678 504/454/692
f  490/440/678 492/442/680 504/454/692
f  504/454/692 492/442/680 505/455/693
f  492/442/680 494/444/682 505/455/693
f  505/455/693 494/444/682 506/456/694
f  494/444/682 496/446/684 506/456/694
f  507/457/695 508/458/696 509/459/697
f  508/458/696 510/460/698 509/459/697
f  511/461/699 509/459/697 510/460/698
f  510/460/698 500/450/688 503/453/691
f  510/460/698 503/453/691 511/461/699
f  511/461/699 503/453/691 512/462/700
f  503/453/691 504/454/692 512/462/700
f  512/462/700 504/454/692 513/463/701
f  504/454/692 505/455/693 513/463/701
f  513/463/701 505/455/693 514/464/702
f  505/455/693 506/456/694 514/464/702
f  515/465/703 509/459/697 516/466/704
f  509/459/697 511/461/699 516/466/704
f  516/466/704 511/461/699 517/467/705
f  511/461/699 512/462/700 517/467/705
f  517/467/705 512/462/700 518/468/706
f  512/462/700 513/463/701 518/468/706
f  518/468/706 513/463/701 519/469/707
f  513/463/701 514/464/702 519/469/707
f  520/470/708 515/465/703 521/471/709
f  515/465/703 516/466/704 521/471/709
f  521/471/709 516/466/704 522/472/710
f  516/466/704 517/467/705 522/472/710
f  522/472/710 517/467/705 523/473/711
f  517/467/705 518/468/706 523/473/711
f  523/473/711 518/468/706 524/474/712
f  518/468/706 519/469/707 524/474/712
f  525/475/713 520/470/708 526/476/714
f  520/470/708 521/471/709 526/476/714
f  526/476/714 521/471/709 527/477/715
f  521/471/709 522/472/710 527/477/715
f  527/477/715 522/472/710 528/478/716
f  522/472/710 523/473/711 528/478/716
f  528/478/716 523/473/711 529/479/717
f  523/473/711 524/474/712 529/479/717
f  530/480/718 525/475/713 531/481/719
f  525/475/713 526/476/714 531/481/719
f  531/481/719 526/476/714 532/482/720
f  526/476/714 527/477/715 532/482/720
f  532/482/720 527/477/715 533/483/721
f  527/477/715 528/478/716 533/483/721
f  533/483/721 528/478/716 534/484/722
f  528/478/716 529/479/717 534/484/722
f  535/485/723 530/480/718 536/486/724
f  530/480/718 531/481/719 536/486/724
f  536/486/724 531/481/719 537/487/725
f  531/481/719 532/482/720 537/487/725
f  537/487/725 532/482/720 538/488/726
f  532/482/720 533/483/721 538/488/726
f  538/488/726 533/483/721 539/489/727
f  533/483/721 534/484/722 539/489/727
f  489/490/728 535/485/723 491/491/729
f  535/485/723 536/486/724 491/491/729
f  491/491/729 536/486/724 493/492/730
f  536/486/724 537/487/725 493/492/730
f  493/492/730 537/487/725 495/493/731
f  537/487/725 538/488/726 495/493/731
f  495/493/731 538/488/726 497/494/732
f  538/488/726 539/489/727 497/494/732
f  160/495/733 55/496/734 56/497/735
f  525/475/713 54/498/736 55/496/734
f  530/480/718 52/499/737 54/498/736
f  535/485/723 53/500/738 52/499/737
f  507/457/695 162/501/739 163/502/740
f  515/465/703 161/503/741 162/501/739
f  520/470/708 160/495/733 161/503/741
f  502/452/690 265/274/742 266/275/743
f  499/449/687 267/276/744 265/274/742
f  498/448/686 268/277/745 267/276/744
f  508/458/696 269/278/746 268/277/745
f  507/457/695 163/502/740 269/278/746
f  489/439/677 370/504/747 371/505/748
f  502/452/690 266/275/743 370/504/747
f  535/485/723 372/506/749 53/500/738
f  489/490/728 371/507/750 372/506/749
f  539/489/727 540/433/751 541/143/752
f  529/479/717 542/113/753 540/433/751
f  514/464/702 543/434/754 542/113/753
f  496/446/684 541/435/755 543/434/754
f  496/446/684 497/447/685 541/435/755
f  539/489/727 541/143/752 497/494/732
f  502/452/690 489/439/677 488/438/676
f  267/276/744 499/449/687 498/448/686
f  508/458/696 498/448/686 500/450/688
f  265/274/742 502/452/690 499/449/687
f  543/434/754 506/456/694 496/446/684
f  500/450/688 510/460/698 508/458/696
f  269/278/746 508/458/696 507/457/695
f  515/465/703 507/457/695 509/459/697
f  543/434/754 514/464/702 506/456/694
f  542/113/753 519/469/707 514/464/702
f  161/503/741 515/465/703 520/470/708
f  542/113/753 524/474/712 519/469/707
f  160/495/733 520/470/708 525/475/713
f  542/113/753 529/479/717 524/474/712
f  54/498/736 525/475/713 530/480/718
f  540/433/751 534/484/722 529/479/717
f  52/499/737 530/480/718 535/485/723
f  540/433/751 539/489/727 534/484/722
f  372/506/749 535/485/723 489/490/728
f  525/475/713 55/496/734 160/495/733
f  515/465/703 162/501/739 507/457/695
f  508/458/696 268/277/745 498/448/686
f  502/452/690 370/504/747 489/439/677
f  540/436/756 542/114/756 541/113/756
f  543/437/756 541/113/756 542/114/756

